Date,BMY
2020-01-01,473.47762743711814
2020-01-02,475.40226888020874
2020-01-03,470.3832191296047
2020-01-06,464.2832443266155
2020-01-07,474.0263507544112
2020-01-08,474.49201750265644
2020-01-09,458.1333800877207
2020-01-10,478.90595730165586
2020-01-13,489.2695326375289
2020-01-14,487.7288530315289
2020-01-15,472.4335861277738
2020-01-16,464.79300594998995
2020-01-17,445.4144344230907
2020-01-20,442.63786695129835
2020-01-21,437.02634595655326
2020-01-22,428.8051268817687
2020-01-23,439.378564820529
2020-01-24,442.50494936970495
2020-01-27,436.9570569853391
2020-01-28,435.67123817031245
2020-01-29,440.23804835211484
2020-01-30,433.7267729064256
2020-01-31,416.9901441820719
2020-02-03,409.7855366723216
2020-02-04,410.35969749588526
2020-02-05,407.509793799492
2020-02-06,414.0986146892626
2020-02-07,424.20061171690395
2020-02-10,421.1976291512404
2020-02-11,415.76444950241404
2020-02-12,423.9343719250701
2020-02-13,425.90939542623505
2020-02-14,425.630468225317
2020-02-17,414.4037511198336
2020-02-18,417.8964075643206
2020-02-19,416.88534090570766
2020-02-20,403.5123583875774
2020-02-21,409.1647097141538
2020-02-24,410.6751328183219
2020-02-25,422.54075202414964
2020-02-26,415.3280086737
2020-02-27,415.3899963299658
2020-02-28,420.6203499520807
2020-03-02,422.26420264625676
2020-03-03,446.95511458282135
2020-03-04,439.8286740938824
2020-03-05,423.39809396413733
2020-03-06,431.75677625089673
2020-03-09,419.9611903112292
2020-03-10,425.7047831426412
2020-03-11,435.66339667588755
2020-03-12,425.3285499523123
2020-03-13,420.38825331303616
2020-03-16,430.57534637954274
2020-03-17,439.3537571583474
2020-03-18,432.6564477099987
2020-03-19,431.38533319557814
2020-03-20,425.7168022791072
2020-03-23,424.7525499917283
2020-03-24,422.7148476372334
2020-03-25,427.5074235014862
2020-03-26,410.15944166930416
2020-03-27,408.90046841064947
2020-03-30,404.25164663760694
2020-03-31,399.11041709689397
2020-04-01,412.52595630872537
2020-04-02,425.3089748641872
2020-04-03,437.44795694829605
2020-04-06,437.2937000949986
2020-04-07,426.49860436307375
2020-04-08,439.68350362946614
2020-04-09,449.10709696847306
2020-04-10,449.41726102598454
2020-04-13,450.6066346750245
2020-04-14,452.44180797121885
2020-04-15,474.03894732658836
2020-04-16,469.96823529339065
2020-04-17,459.3441854559509
2020-04-20,466.14383579810743
2020-04-21,479.17742714433473
2020-04-22,488.0283923335797
2020-04-23,482.6064292221935
2020-04-24,504.2700171541768
2020-04-27,496.69650646433416
2020-04-28,491.883882050659
2020-04-29,487.85696046905434
2020-04-30,517.273066677292
2020-05-01,514.7719412896571
2020-05-04,497.94033026474233
2020-05-05,497.47739731591
2020-05-06,508.1232398732098
2020-05-07,502.21314702011705
2020-05-08,522.2079091612386
2020-05-11,521.2544810986939
2020-05-12,509.51553992855884
2020-05-13,508.9334821944566
2020-05-14,504.53425367713595
2020-05-15,517.2653729339543
2020-05-18,517.8840140259689
2020-05-19,504.9960266835346
2020-05-20,501.1500115301666
2020-05-21,504.4873595162345
2020-05-22,513.4764985473589
2020-05-25,513.2197759628498
2020-05-26,529.9689125446637
2020-05-27,523.1163447686647
2020-05-28,539.1893100912081
2020-05-29,531.0380763161165
2020-06-01,509.25327226828165
2020-06-02,507.0929991193809
2020-06-03,487.9266334982291
2020-06-04,485.7084499219693
2020-06-05,480.17641530854775
2020-06-08,473.10134564312324
2020-06-09,486.3253816488536
2020-06-10,465.0872479628002
2020-06-11,469.07991103814726
2020-06-12,445.7577547636173
2020-06-15,439.80499576575994
2020-06-16,447.3810202088922
2020-06-17,451.10643521555335
2020-06-18,453.74367624517157
2020-06-19,463.39612801790116
2020-06-22,461.35014152035495
2020-06-23,489.6030454133425
2020-06-24,514.2557709752621
2020-06-25,519.6727813663732
2020-06-26,521.059049621753
2020-06-29,538.4007042970285
2020-06-30,544.3557798551943
2020-07-01,536.0914924018376
2020-07-02,545.1924286176373
2020-07-03,546.1506843851209
2020-07-06,564.3864839810728
2020-07-07,563.3296780592854
2020-07-08,565.8808453023373
2020-07-09,568.7974259450368
2020-07-10,558.801468248438
2020-07-13,549.9608486073481
2020-07-14,554.9847067898594
2020-07-15,529.9910688883998
2020-07-16,552.8758198527481
2020-07-17,566.6483174732249
2020-07-20,552.8724083964127
2020-07-21,538.3463150045884
2020-07-22,547.948706572178
2020-07-23,531.5958701155115
2020-07-24,536.7900881643569
2020-07-27,523.0800612675689
2020-07-28,501.217471097542
2020-07-29,500.9562393908573
2020-07-30,522.1357186439753
2020-07-31,508.8779761034548
2020-08-03,506.7018869437963
2020-08-04,504.5435352183347
2020-08-05,535.9174271779567
2020-08-06,533.9912942629791
2020-08-07,537.3091603017011
2020-08-10,532.7686343278367
2020-08-11,522.8072584988738
2020-08-12,521.478275815661
2020-08-13,522.7918872878596
2020-08-14,520.4896014753089
2020-08-17,518.0210210438456
2020-08-18,525.506771022636
2020-08-19,530.3931271597934
2020-08-20,551.0488605383607
2020-08-21,559.6182953625497
2020-08-24,575.7300334838234
2020-08-25,572.5348541025195
2020-08-26,525.1085829128335
2020-08-27,506.1738243524251
2020-08-28,497.59739992109013
2020-08-31,497.3639703786356
2020-09-01,511.34964013677524
2020-09-02,505.66136079416725
2020-09-03,496.2902949114401
2020-09-04,506.9143549340452
2020-09-07,517.0775662116521
2020-09-08,545.3629471900912
2020-09-09,557.6228556729792
2020-09-10,546.1173254298717
2020-09-11,532.7003845314433
2020-09-14,528.2332994016763
2020-09-15,519.3461213812608
2020-09-16,509.306658022292
2020-09-17,528.1406857230322
2020-09-18,516.1996458285017
2020-09-21,537.7393992448158
2020-09-22,534.7493277469838
2020-09-23,544.3789000516491
2020-09-24,566.3999376251113
2020-09-25,563.9340766887381
2020-09-28,569.4177043061622
2020-09-29,581.9082896525414
2020-09-30,566.0267081292549
2020-10-01,586.9696073811693
2020-10-02,560.2962013730881
2020-10-05,558.1636182998369
2020-10-06,550.8174069153416
2020-10-07,561.0452147918539
2020-10-08,565.6047204998255
2020-10-09,569.234071691263
2020-10-12,569.4727933324508
2020-10-13,562.7378955774169
2020-10-14,550.3579532681774
2020-10-15,548.7636827011673
2020-10-16,554.5051700258548
2020-10-19,568.7760315246796
2020-10-20,592.4145203554676
2020-10-21,576.496823741143
2020-10-22,565.1192734139083
2020-10-23,550.057097353377
2020-10-26,545.3814371506887
2020-10-27,535.7049545747616
2020-10-28,526.0966323397012
2020-10-29,518.1218771688305
2020-10-30,516.1795560801304
2020-11-02,499.17857960970315
2020-11-03,498.65350531008215
2020-11-04,506.0424656249549
2020-11-05,477.45874430146114
2020-11-06,459.162489188053
2020-11-09,481.1548510237509
2020-11-10,467.97603019921024
2020-11-11,489.36899008678955
2020-11-12,477.926025359985
2020-11-13,490.1226830388081
2020-11-16,486.14778882624444
2020-11-17,482.78182413767445
2020-11-18,462.4997308297625
2020-11-19,479.6169367939231
2020-11-20,468.9474875670934
2020-11-23,444.7327044678058
2020-11-24,458.6564540897467
2020-11-25,451.37580154013796
2020-11-26,435.37205926191984
2020-11-27,430.50771346447556
2020-11-30,429.3247263374237
2020-12-01,433.676217303827
2020-12-02,440.1917780948241
2020-12-03,435.2452955784589
2020-12-04,398.5201424394641
2020-12-07,402.5462010871986
2020-12-08,415.5499262119284
2020-12-09,411.32108397166456
2020-12-10,401.36510809023656
2020-12-11,414.1455984189929
2020-12-14,404.8914278724843
2020-12-15,403.5920451802762
2020-12-16,402.50797645006577
2020-12-17,415.1024179137051
2020-12-18,398.7937472302417
2020-12-21,381.1813979953281
2020-12-22,379.458148932787
2020-12-23,378.18804655393916
2020-12-24,386.1849218470649
2020-12-25,386.2082082206943
2020-12-28,381.5097517904937
2020-12-29,390.711142513277
2020-12-30,387.7528493073716
2020-12-31,388.58220676470233
2021-01-01,389.5721838826255
2021-01-04,404.81502339460087
2021-01-05,405.2488532002606
2021-01-06,431.1846296618678
2021-01-07,435.32054374375696
2021-01-08,430.7496602231935
2021-01-11,429.3808597332714
2021-01-12,434.02708031994223
2021-01-13,440.6422064821065
2021-01-14,426.9349819457974
2021-01-15,430.6701426982687
2021-01-18,415.1282537038206
2021-01-19,403.64300790903127
2021-01-20,423.4207792893994
2021-01-21,402.40210682858344
2021-01-22,389.81260901517476
2021-01-25,379.09118458962445
2021-01-26,372.8733686096774
2021-01-27,372.8327540594738
2021-01-28,373.372612286203
2021-01-29,377.36775888416685
2021-02-01,375.3199055556688
2021-02-02,368.7339350087675
2021-02-03,354.6752953109807
2021-02-04,360.6546905978113
2021-02-05,367.07482696776844
2021-02-08,361.83730117712025
2021-02-09,359.534791305277
2021-02-10,359.7592513142555
2021-02-11,363.94737072039106
2021-02-12,344.62504642527847
2021-02-15,338.0952281014783
2021-02-16,349.8528933734719
2021-02-17,336.8084138366125
2021-02-18,345.0275501004839
2021-02-19,359.24450584269994
2021-02-22,383.5610186718588
2021-02-23,401.4544817664315
2021-02-24,388.7333366383154
2021-02-25,381.0875434793164
2021-02-26,391.0614629814199
2021-03-01,390.20654328889873
2021-03-02,390.5702007086224
2021-03-03,384.1508199326833
2021-03-04,389.6608330607881
2021-03-05,386.7357819033788
2021-03-08,371.98157279666685
2021-03-09,370.19720804075047
2021-03-10,371.25136311139835
2021-03-11,399.8417473229631
2021-03-12,387.8603207794937
2021-03-15,383.65492169785153
2021-03-16,388.4176393920264
2021-03-17,388.91829867211226
2021-03-18,391.91774437350773
2021-03-19,389.7677299968382
2021-03-22,386.41489157642314
2021-03-23,383.0115576766194
2021-03-24,392.4884502316481
2021-03-25,403.18874361177785
2021-03-26,412.8484960814147
2021-03-29,407.75372629841036
2021-03-30,400.27316591822165
2021-03-31,398.3204686221589
2021-04-01,387.4658822042024
2021-04-02,398.42313578319255
2021-04-05,399.08738713911276
2021-04-06,410.0558605830968
2021-04-07,418.07810104586287
2021-04-08,415.0073719377002
2021-04-09,422.2891911287817
2021-04-12,419.8328119374759
2021-04-13,420.075594153192
2021-04-14,410.50473991839715
2021-04-15,397.5959035496608
2021-04-16,399.7835816023997
2021-04-19,397.86664148276594
2021-04-20,401.7861731349586
2021-04-21,399.4093150866704
2021-04-22,410.3172720883687
2021-04-23,403.03398498503276
2021-04-26,406.36451525129144
2021-04-27,431.480247209275
2021-04-28,409.2911935669699
2021-04-29,403.6232747676702
2021-04-30,405.8961175636121
2021-05-03,407.0463303780743
2021-05-04,403.10782417027934
2021-05-05,421.2498581833454
2021-05-06,426.74067936855283
2021-05-07,413.71587429993764
2021-05-10,427.3966558472072
2021-05-11,414.00321305893016
2021-05-12,400.03897734050923
2021-05-13,392.53050549437506
2021-05-14,374.732377899585
2021-05-17,380.3429042832339
2021-05-18,371.6984282045355
2021-05-19,374.55419648889017
2021-05-20,386.2575085052871
2021-05-21,373.09822216395986
2021-05-24,373.8702829346406
2021-05-25,377.2900080063968
2021-05-26,394.2583845797866
2021-05-27,388.68556165770593
2021-05-28,397.85496697735226
2021-05-31,410.6220324524251
2021-06-01,407.720999995275
2021-06-02,389.7059223719116
2021-06-03,378.5832426042027
2021-06-04,403.12241759074936
2021-06-07,405.227663489603
2021-06-08,394.5465718122715
2021-06-09,409.082370772128
2021-06-10,397.60003277606654
2021-06-11,400.74967415746164
2021-06-14,401.60528136707296
2021-06-15,422.80755129984504
2021-06-16,425.839033873567
2021-06-17,422.83574184755696
2021-06-18,429.0999440749562
2021-06-21,427.54403804638554
2021-06-22,445.06095466987495
2021-06-23,439.2139147518525
2021-06-24,441.17583861469444
2021-06-25,437.96767036238833
2021-06-28,438.373717982695
2021-06-29,450.70188786069826
2021-06-30,451.823591078185
2021-07-01,459.31521283712794
2021-07-02,453.43786014136015
2021-07-05,450.84379951185906
2021-07-06,448.5696567147374
2021-07-07,433.94672033191466
2021-07-08,418.8798770298481
2021-07-09,436.82960615624006
2021-07-12,422.9844440988894
2021-07-13,434.8992065009307
2021-07-14,444.4366875476706
2021-07-15,446.1166049155216
2021-07-16,446.09094046432585
2021-07-19,454.6256032382137
2021-07-20,452.5005964482468
2021-07-21,456.09864284731333
2021-07-22,442.71564921521474
2021-07-23,446.55546458450664
2021-07-26,454.81775597976326
2021-07-27,473.3438353319824
2021-07-28,447.33959950204394
2021-07-29,459.3118678274958
2021-07-30,466.4601719459118
2021-08-02,459.7229833918691
2021-08-03,457.14911387546994
2021-08-04,449.21756176479664
2021-08-05,448.07784339737407
2021-08-06,446.3190245248618
2021-08-09,439.8622472986533
2021-08-10,420.1540724689713
2021-08-11,412.39048695515095
2021-08-12,417.08477436566636
2021-08-13,407.40622798436885
2021-08-16,435.26235611636054
2021-08-17,450.4517749678806
2021-08-18,443.67401723564956
2021-08-19,437.64550714103524
2021-08-20,438.8067026704119
2021-08-23,425.1187497568663
2021-08-24,422.4051145451915
2021-08-25,418.159423608217
2021-08-26,433.53912714613597
2021-08-27,429.6788195497851
2021-08-30,422.8417584480456
2021-08-31,434.1419395321366
2021-09-01,437.38920840657397
2021-09-02,457.84856664838867
2021-09-03,452.0042845911196
2021-09-06,461.8786779763859
2021-09-07,450.57370618615056
2021-09-08,462.1051673630807
2021-09-09,466.28073295579
2021-09-10,471.868407116645
2021-09-13,465.0826581659417
2021-09-14,455.6984583357283
2021-09-15,449.2231668218116
2021-09-16,432.6462048192228
2021-09-17,424.76040682912435
2021-09-20,431.7649232959495
2021-09-21,424.9098745230744
2021-09-22,420.9254415812818
2021-09-23,424.1792805317703
2021-09-24,425.34987672572146
2021-09-27,432.1054585195531
2021-09-28,434.0002748776204
2021-09-29,424.0407156442834
2021-09-30,439.89666718365885
2021-10-01,442.7310292705341
2021-10-04,431.0638457005777
2021-10-05,432.747573936894
2021-10-06,451.30055341388885
2021-10-07,459.2782785823241
2021-10-08,462.80891848681796
2021-10-11,468.9210727475945
2021-10-12,474.2818259963737
2021-10-13,485.1499008771778
2021-10-14,476.0206388708449
2021-10-15,489.4949028574075
2021-10-18,485.6242046023582
2021-10-19,484.4608419556217
2021-10-20,469.17050329721224
2021-10-21,475.80639677984124
2021-10-22,487.075121646572
2021-10-25,472.0175354944003
2021-10-26,480.7054801292972
2021-10-27,493.85949561982574
2021-10-28,506.87547500676743
2021-10-29,532.5049925802542
2021-11-01,540.9615255857661
2021-11-02,529.8206121360922
2021-11-03,526.3226333124462
2021-11-04,521.4243087397052
2021-11-05,494.8566224421507
2021-11-08,510.76962437461503
2021-11-09,538.0979745715618
2021-11-10,547.6282954561655
2021-11-11,545.7212243697868
2021-11-12,560.0874689703395
2021-11-15,534.7008955338805
2021-11-16,575.0499912113694
2021-11-17,551.3428560645215
2021-11-18,563.13849184813
2021-11-19,558.968151221936
2021-11-22,581.3414058590434
2021-11-23,567.8047661548298
2021-11-24,559.5373742390032
2021-11-25,546.537571118658
2021-11-26,552.2466458354031
2021-11-29,558.2123749792515
2021-11-30,544.5347099167344
2021-12-01,552.0197267338339
2021-12-02,565.7340525862458
2021-12-03,576.140248412934
2021-12-06,552.0170266023481
2021-12-07,532.7015740772089
2021-12-08,534.0728185146951
2021-12-09,545.9721663496106
2021-12-10,542.7955619783825
2021-12-13,533.8421364093489
2021-12-14,526.8374724796616
2021-12-15,538.254732710871
2021-12-16,532.4068346668122
2021-12-17,512.9440561065891
2021-12-20,502.207646307693
2021-12-21,511.00531248849444
2021-12-22,507.4995414575347
2021-12-23,524.9431537585609
2021-12-24,520.8186673626211
2021-12-27,513.701433939346
2021-12-28,482.34905955607206
2021-12-29,498.1459634189926
2021-12-30,487.9497318887568
2021-12-31,471.95372528137295
2022-01-03,452.03543777653226
2022-01-04,454.2869176551181
2022-01-05,452.229865156355
2022-01-06,440.86655144062865
2022-01-07,436.9097236239949
2022-01-10,441.3342670718733
2022-01-11,463.0164711712978
2022-01-12,483.53611529415446
2022-01-13,485.7397879422179
2022-01-14,484.41755865915184
2022-01-17,494.46308480604097
2022-01-18,501.0679216757064
2022-01-19,500.12136724024447
2022-01-20,517.0622775854073
2022-01-21,518.9096324499657
2022-01-24,529.7618723964465
2022-01-25,531.7936409343797
2022-01-26,525.8685374567034
2022-01-27,519.3735947377778
2022-01-28,514.3726051657468
2022-01-31,512.1609039877978
2022-02-01,521.1050194779199
2022-02-02,529.579881075531
2022-02-03,525.0902477367811
2022-02-04,525.612689472309
2022-02-07,527.8361680670175
2022-02-08,529.4998336250377
2022-02-09,536.0299251559992
2022-02-10,538.525332866628
2022-02-11,533.5694187671475
2022-02-14,537.0535758388984
2022-02-15,528.6855875376161
2022-02-16,527.1066693710956
2022-02-17,525.8028107171266
2022-02-18,526.598431998717
2022-02-21,530.8702881356598
2022-02-22,532.8082794962961
2022-02-23,530.1958498637575
2022-02-24,539.7790089566936
2022-02-25,554.8094613449131
2022-02-28,541.5422038603033
2022-03-01,555.3876709356932
2022-03-02,553.8279377054429
2022-03-03,560.0725364337876
2022-03-04,548.8794218840435
2022-03-07,543.493861417344
2022-03-08,540.1279242952012
2022-03-09,527.4235880851006
2022-03-10,520.5035679142944
2022-03-11,514.3537771223052
2022-03-14,503.5674266058394
2022-03-15,494.47048741934816
2022-03-16,509.9403352990386
2022-03-17,510.0281756890454
2022-03-18,510.07620263984455
2022-03-21,509.77781529722296
2022-03-22,492.56176665183244
2022-03-23,500.7253336911594
2022-03-24,507.60898646808033
2022-03-25,479.61378597834056
2022-03-28,497.1850982806101
2022-03-29,485.95230990533975
2022-03-30,478.4131093978924
2022-03-31,495.8656392444927
2022-04-01,483.06782698922143
2022-04-04,482.0028897837423
2022-04-05,501.72297238401535
2022-04-06,487.5527038335838
2022-04-07,490.9971384082397
2022-04-08,500.8452361090754
2022-04-11,500.94683828769837
2022-04-12,501.23167893869186
2022-04-13,480.17217878322634
2022-04-14,484.19627349392186
2022-04-15,521.0199571156301
2022-04-18,526.1459973376575
2022-04-19,511.8529471305673
2022-04-20,516.6169224406515
2022-04-21,530.2720455822049
2022-04-22,530.299565978639
2022-04-25,544.7277677201605
2022-04-26,548.1917897756953
2022-04-27,560.9223613604122
2022-04-28,554.836526029752
2022-04-29,558.29359766878
2022-05-02,541.8289179535637
2022-05-03,548.4469540236497
2022-05-04,557.536355842751
2022-05-05,571.2671070511028
2022-05-06,564.2760762627266
2022-05-09,600.3141260573966
2022-05-10,616.5469347404155
2022-05-11,610.5914938761167
2022-05-12,605.6456816111645
2022-05-13,614.9250947123029
2022-05-16,623.9631767137944
2022-05-17,609.9814707175971
2022-05-18,609.9929226184715
2022-05-19,636.2499647431351
2022-05-20,644.1870921269945
2022-05-23,672.5197311928803
2022-05-24,669.4674958541807
2022-05-25,669.132311868309
2022-05-26,666.0527047794362
2022-05-27,643.5527449583252
2022-05-30,653.3422416092621
2022-05-31,692.3808462277074
2022-06-01,703.2097795810781
2022-06-02,697.2173360881937
2022-06-03,690.0749815718996
2022-06-06,687.4748965349762
2022-06-07,695.4066534230893
2022-06-08,709.8064724300308
2022-06-09,723.3970433432477
2022-06-10,740.809538709175
2022-06-13,755.1878252851642
2022-06-14,778.8217175475822
2022-06-15,838.2815952929872
2022-06-16,847.1870389982688
2022-06-17,831.1576230306564
2022-06-20,805.1702082952258
2022-06-21,805.873622258986
2022-06-22,823.6647663756122
2022-06-23,834.8529045115145
2022-06-24,839.219680569699
2022-06-27,839.8702678535225
2022-06-28,843.7007403914009
2022-06-29,856.1950863006768
2022-06-30,892.2304383017672
2022-07-01,887.796629008021
2022-07-04,863.3923420919267
2022-07-05,850.9710417110261
2022-07-06,845.4839419603264
2022-07-07,839.951908724762
2022-07-08,799.2403909056844
2022-07-11,813.1585670644001
2022-07-12,804.4798079323295
2022-07-13,788.5152069814719
2022-07-14,777.1856065424066
2022-07-15,809.4232170472931
2022-07-18,834.8291752426555
2022-07-19,793.500257100527
2022-07-20,818.3047333433976
2022-07-21,816.8479266430855
2022-07-22,812.6362587344264
2022-07-25,820.4027996458171
2022-07-26,828.4818558529709
2022-07-27,796.7523293380199
2022-07-28,797.5723527964651
2022-07-29,774.9469164145835
2022-08-01,802.802885999291
2022-08-02,826.4050852965064
2022-08-03,788.3032030878243
2022-08-04,779.5725446741455
2022-08-05,800.8625460210953
2022-08-08,790.5015547361899
2022-08-09,787.3749324138657
2022-08-10,804.980022389776
2022-08-11,828.5404096592969
2022-08-12,824.4660758089994
2022-08-15,817.0804828420542
2022-08-16,796.5932451912025
2022-08-17,825.2502662891633
2022-08-18,798.605945070846
2022-08-19,802.8411014974902
2022-08-22,773.0793996951658
2022-08-23,775.6191063518482
2022-08-24,771.2892010682338
2022-08-25,758.6678910671103
2022-08-26,780.793638499305
2022-08-29,770.4622241165115
2022-08-30,753.1888852812502
2022-08-31,755.3462706027258
2022-09-01,738.7056712661123
2022-09-02,753.4943673825358
2022-09-05,782.3081482116165
2022-09-06,789.6888670914707
2022-09-07,794.2764479156375
2022-09-08,773.0023780399065
2022-09-09,791.1650408621508
2022-09-12,774.103028872756
2022-09-13,777.3062776570983
2022-09-14,744.3126838595823
2022-09-15,728.1521313423993
2022-09-16,712.1483022299333
2022-09-19,716.3159864289155
2022-09-20,741.9232322899406
2022-09-21,759.1261326524536
2022-09-22,761.714430554442
2022-09-23,741.0542251437981
2022-09-26,741.8561462697196
2022-09-27,728.8656139102369
2022-09-28,717.3440471161117
2022-09-29,703.3006530820016
2022-09-30,748.0791634061811
2022-10-03,749.266216622644
2022-10-04,756.983295825307
2022-10-05,735.557066984485
2022-10-06,760.8183328683183
2022-10-07,768.2191737862032
2022-10-10,781.747805632338
2022-10-11,811.6456516918687
2022-10-12,776.6424329285144
2022-10-13,776.579874360833
2022-10-14,788.0525095313362
2022-10-17,755.6204109956549
2022-10-18,755.8322900384693
2022-10-19,759.8775286360911
2022-10-20,771.8418537748036
2022-10-21,763.387980699706
2022-10-24,834.3422479053933
2022-10-25,841.5271517171744
2022-10-26,822.4937691453288
2022-10-27,846.3213351034842
2022-10-28,847.6056489269582
2022-10-31,841.7696553462948
2022-11-01,820.0246980922702
2022-11-02,852.3575109316815
2022-11-03,865.6926521456921
2022-11-04,880.3210022129348
2022-11-07,889.1332666138361
2022-11-08,942.866083391364
2022-11-09,942.0770598283007
2022-11-10,952.8302947586876
2022-11-11,950.673858214279
2022-11-14,918.4591569278407
2022-11-15,929.8409934922106
2022-11-16,961.9832727300343
2022-11-17,966.3396502972497
2022-11-18,973.385114775291
2022-11-21,950.0249806906538
2022-11-22,945.0713489981607
2022-11-23,982.8080116689921
2022-11-24,958.6766510566505
2022-11-25,938.7466329745462
2022-11-28,931.7782332213059
2022-11-29,936.7893728586049
2022-11-30,932.672244222619
2022-12-01,899.6897970426529
2022-12-02,902.6591582842409
2022-12-05,895.8411572179889
2022-12-06,906.7382026202681
2022-12-07,938.6128440636645
2022-12-08,942.430539571916
2022-12-09,951.0261959311896
2022-12-12,949.7417041612082
2022-12-13,973.4545555202758
2022-12-14,956.119706690086
2022-12-15,969.5516406565399
2022-12-16,926.9853342931665
2022-12-19,948.1041723018169
2022-12-20,1002.9027861911832
2022-12-21,1011.8913132772907
2022-12-22,1003.4667667385845
2022-12-23,1031.4189559674144
2022-12-26,970.9977277235017
2022-12-27,946.4615070862405
2022-12-28,980.6773297277598
2022-12-29,988.6780852341468
2022-12-30,953.5570849889593
2023-01-02,972.33409641584
2023-01-03,987.0225942943911
2023-01-04,992.1813911627847
2023-01-05,1024.670767462924
2023-01-06,1018.3197437485494
2023-01-09,1058.03440461491
2023-01-10,1026.0628258971478
2023-01-11,1023.3817712709103
2023-01-12,1013.0953313540882
2023-01-13,1014.8140892011827
2023-01-16,1011.4993162248122
2023-01-17,1015.775355071066
2023-01-18,998.9518072015686
2023-01-19,982.7044688595041
2023-01-20,944.290763354202
2023-01-23,906.5343403222515
2023-01-24,906.4792104480684
2023-01-25,908.8065034039823
2023-01-26,914.3054381358918
2023-01-27,910.7478950565153
2023-01-30,928.3453204253145
2023-01-31,948.3898495256509
2023-02-01,934.1134809637388
2023-02-02,942.8530938232269
2023-02-03,904.3240854613886
2023-02-06,916.4007875144906
2023-02-07,932.1157503755878
2023-02-08,895.9484196448358
2023-02-09,904.8310097170506
2023-02-10,911.2621053643919
2023-02-13,892.1988552959951
2023-02-14,881.099435065483
2023-02-15,883.8849344726426
2023-02-16,891.8905406251708
2023-02-17,883.3325335695278
2023-02-20,923.7135798389235
2023-02-21,943.7433870617099
2023-02-22,924.1533912770088
2023-02-23,897.8872348187829
2023-02-24,888.0638060293916
2023-02-27,858.428924766827
2023-02-28,868.9056483568928
2023-03-01,881.2106931503779
2023-03-02,883.8091476237703
2023-03-03,850.1226760469974
2023-03-06,853.5177650300727
2023-03-07,854.4809689648187
2023-03-08,850.2241025030291
2023-03-09,851.432645937406
2023-03-10,825.3039182985052
2023-03-13,827.1981942736916
2023-03-14,838.0160676441786
2023-03-15,816.266220950507
2023-03-16,767.4993693080173
2023-03-17,772.279265724316
2023-03-20,760.4181357751439
2023-03-21,744.0792269586453
2023-03-22,735.1242963017371
2023-03-23,750.2830662561555
2023-03-24,753.2140099621425
2023-03-27,768.999693186397
2023-03-28,749.6455289427565
2023-03-29,751.848184029327
2023-03-30,735.9020639242965
2023-03-31,724.8660600014779
2023-04-03,749.7080766901765
2023-04-04,751.7922891908152
2023-04-05,775.2068228437437
2023-04-06,774.5548331728738
2023-04-07,771.393244592578
2023-04-10,769.9048930957156
2023-04-11,786.2052611069402
2023-04-12,755.9067008077477
2023-04-13,722.6297904889938
2023-04-14,745.2333904473385
2023-04-17,749.0667448539667
2023-04-18,755.8564912397612
2023-04-19,734.5215523797899
2023-04-20,741.447893343027
2023-04-21,738.7534133705169
2023-04-24,756.8815645756642
2023-04-25,740.7302897840241
2023-04-26,694.8473037529513
2023-04-27,718.0507511338142
2023-04-28,725.3880907106667
2023-05-01,737.8598519168755
2023-05-02,792.2205270725722
2023-05-03,800.3093468343742
2023-05-04,799.8961835365949
2023-05-05,798.1020655858961
2023-05-08,785.7723890530552
2023-05-09,813.5750731353587
2023-05-10,809.959236250031
2023-05-11,792.6342643447017
2023-05-12,775.2011308775387
2023-05-15,804.7237604287603
2023-05-16,813.832220576894
2023-05-17,837.664149921042
2023-05-18,836.5266907809795
2023-05-19,851.7565279888728
2023-05-22,809.6164338756599
2023-05-23,821.1337593125033
2023-05-24,806.148626834836
2023-05-25,828.0993823816511
2023-05-26,820.7128010372313
2023-05-29,816.3423783525261
2023-05-30,853.0310621662379
2023-05-31,836.3726041689739
2023-06-01,845.4969950230476
2023-06-02,832.8890142147748
2023-06-05,806.596267564782
2023-06-06,831.72738725444
2023-06-07,835.7742695308306
2023-06-08,845.4638566866817
2023-06-09,821.734857819136
2023-06-12,842.6605556814715
2023-06-13,857.2953703488288
2023-06-14,889.7599184720284
2023-06-15,858.7976007554925
2023-06-16,853.4878334797226
2023-06-19,855.2558091172409
2023-06-20,847.1655033400045
2023-06-21,851.2868646977961
2023-06-22,861.9843589275537
2023-06-23,824.5865696720557
2023-06-26,806.6780946797045
2023-06-27,812.0915985019233
2023-06-28,839.131709120963
2023-06-29,863.0004893801289
2023-06-30,830.0765928031822
2023-07-03,842.8948831344447
2023-07-04,799.784889393144
2023-07-05,816.8549981553638
2023-07-06,830.2637266352741
2023-07-07,878.936054828427
2023-07-10,882.2453977320314
2023-07-11,896.5876817347734
2023-07-12,875.679262390956
2023-07-13,893.0221283531636
2023-07-14,878.3864864930356
2023-07-17,874.3596118874779
2023-07-18,872.7500520775235
2023-07-19,837.175024969989
2023-07-20,853.5365075496089
2023-07-21,866.8904602566789
2023-07-24,862.7411700553401
2023-07-25,870.5552959324725
2023-07-26,869.4013893269168
2023-07-27,876.50042248788
2023-07-28,856.0274532796308
2023-07-31,870.5932516718212
2023-08-01,884.969226739066
2023-08-02,876.5311992348024
2023-08-03,887.8179230331334
2023-08-04,892.06556462627
2023-08-07,878.5767493269867
2023-08-08,884.4776293803792
2023-08-09,901.3539347698651
2023-08-10,910.8587111245495
2023-08-11,881.5390005172502
2023-08-14,930.0417437092548
2023-08-15,922.1497448822074
2023-08-16,930.1760036210206
2023-08-17,897.1226578220593
2023-08-18,896.4279548525981
2023-08-21,883.487508893511
2023-08-22,859.9688463458344
2023-08-23,881.0034000566791
2023-08-24,894.850626252561
2023-08-25,869.6313272137646
2023-08-28,863.4720527633903
2023-08-29,853.6613144403298
2023-08-30,853.1693828732296
2023-08-31,856.678255106842
2023-09-01,863.0915199968289
2023-09-04,825.5207485784235
2023-09-05,835.0904600000395
2023-09-06,856.017584760213
2023-09-07,873.1481371848306
2023-09-08,881.9440390003566
2023-09-11,900.9817231977712
2023-09-12,905.8497745357939
2023-09-13,929.3101009012064
2023-09-14,929.1314361985685
2023-09-15,944.4195316965806
2023-09-18,920.7552626215444
2023-09-19,936.7984292148244
2023-09-20,967.3308583266379
2023-09-21,981.5436931474532
2023-09-22,992.6852653600572
2023-09-25,997.9636484715642
2023-09-26,996.308975320196
2023-09-27,957.0169362878959
2023-09-28,945.3456127775206
2023-09-29,966.1539182369628
2023-10-02,968.0221791421645
2023-10-03,998.5397377933535
2023-10-04,955.6425743980855
2023-10-05,965.9842333445301
2023-10-06,971.4095906181279
2023-10-09,989.3484592128923
2023-10-10,1009.2059133597711
2023-10-11,992.1715608794303
2023-10-12,992.5275812017692
2023-10-13,979.3872480708994
2023-10-16,977.9535919638349
2023-10-17,1028.9897854325397
2023-10-18,1048.5044863124542
2023-10-19,1049.647594441913
2023-10-20,1042.13191448131
2023-10-23,1060.1189577044408
2023-10-24,1092.0897415973309
2023-10-25,1107.1873843515589
2023-10-26,1119.793784639102
2023-10-27,1097.2084632430574
2023-10-30,1072.5072155763237
2023-10-31,1103.1717934407893
2023-11-01,1082.0442421875407
2023-11-02,1081.6501778269403
2023-11-03,1084.5013928593244
2023-11-06,1088.162899986984
2023-11-07,1079.1982615968634
2023-11-08,1093.7751922173907
2023-11-09,1080.9396771059564
2023-11-10,1069.6697862346684
2023-11-13,1128.58352880825
2023-11-14,1101.0689169619882
2023-11-15,1116.980877762996
2023-11-16,1100.0675108260168
2023-11-17,1084.3384217652042
2023-11-20,1081.456623469131
2023-11-21,1047.7694137266753
2023-11-22,1035.358977344778
2023-11-23,1074.8906208548726
2023-11-24,1031.0898415438685
2023-11-27,1051.1149766068818
2023-11-28,1007.5857436829783
2023-11-29,1054.981468338876
2023-11-30,1055.115667233383
2023-12-01,1064.145409137413
2023-12-04,1045.8218233369103
2023-12-05,1051.7940663834447
2023-12-06,1039.2267469761869
2023-12-07,1041.50933730141
2023-12-08,1037.7950341760036
2023-12-11,1029.6978042306714
2023-12-12,1015.768903464306
2023-12-13,1030.5034811365244
2023-12-14,1003.8400690236083
2023-12-15,973.8068490372286
2023-12-18,934.1742902397342
2023-12-19,996.131604499452
2023-12-20,955.9231199684376
2023-12-21,969.7135357376834
2023-12-22,990.9058550091389
2023-12-25,1017.0659197838223
2023-12-26,1067.3617057096005
2023-12-27,1033.975640910744
2023-12-28,1058.0437830673995
2023-12-29,1089.3387616079403
2024-01-01,1065.3942011960069
2024-01-02,1076.6039596467012
2024-01-03,1106.7859988864107
2024-01-04,1082.151385239132
2024-01-05,1117.181282759464
2024-01-08,1124.115479129805
2024-01-09,1095.7770476750552
2024-01-10,1097.9314805935187
2024-01-11,1124.35344771908
2024-01-12,1090.9331408534724
2024-01-15,1058.9096388223732
2024-01-16,1092.4235795477869
2024-01-17,1056.0649938780962
2024-01-18,1072.2624525496742
2024-01-19,1071.0532951059552
2024-01-22,1082.7634810480079
2024-01-23,1052.2372156862189
2024-01-24,1041.2422718666235
2024-01-25,1059.1560661172477
2024-01-26,1052.930029980176
2024-01-29,1032.5086240154676
2024-01-30,1026.2757480471957
2024-01-31,1036.4850573567412
2024-02-01,1028.493793876294
2024-02-02,1021.0904707468491
2024-02-05,1008.6993185411259
2024-02-06,1005.6534857843109
2024-02-07,1030.166877636516
2024-02-08,1009.1433696360581
2024-02-09,995.2375497050111
2024-02-12,994.251931384507
2024-02-13,1030.0562383275092
2024-02-14,1056.5830126309334
2024-02-15,1064.6310760506085
2024-02-16,1093.883554490517
2024-02-19,1097.544486770305
2024-02-20,1109.4328102874522
2024-02-21,1096.831887570121
2024-02-22,1092.2435809791639
2024-02-23,1074.5110468654143
2024-02-26,1081.366415921806
2024-02-27,1054.2244698176958
2024-02-28,1018.4145213842111
2024-02-29,996.3443448667956
2024-03-01,985.9783938987758
2024-03-04,967.8147080852139
2024-03-05,978.1089118390477
2024-03-06,958.078782898528
2024-03-07,963.6918785807871
2024-03-08,971.3636296559442
2024-03-11,972.5755302758212
2024-03-12,983.4220221523905
2024-03-13,957.2849148354275
2024-03-14,968.5258593826854
2024-03-15,971.8077149532094
2024-03-18,1023.1830756464444
2024-03-19,1026.4046043515582
2024-03-20,1030.7117126997925
2024-03-21,1016.3911367020872
2024-03-22,1042.7027570203722
2024-03-25,1054.6950555670319
2024-03-26,1054.088138350139
2024-03-27,1048.121466964673
2024-03-28,1067.6165069300946
2024-03-29,1100.8691438470094
2024-04-01,1110.617073755333
2024-04-02,1140.1359932110415
2024-04-03,1100.9450468257114
2024-04-04,1108.9440661907122
2024-04-05,1124.2185380849041
2024-04-08,1125.0218320205138
2024-04-09,1100.7057924169492
2024-04-10,1088.6078703034395
2024-04-11,1105.7380327913406
2024-04-12,1138.3234359217772
2024-04-15,1099.3636452222693
2024-04-16,1086.719040415373
2024-04-17,1060.353924571501
2024-04-18,1088.6855788898106
2024-04-19,1044.382832378777
2024-04-22,1040.4963122932081
2024-04-23,1005.6201937742858
2024-04-24,1009.1071066522
2024-04-25,1004.1674692062942
2024-04-26,997.6897194799166
2024-04-29,1031.1452965099907
2024-04-30,1042.1999275839435
2024-05-01,1062.4298922629464
2024-05-02,1078.2410935966725
2024-05-03,1076.7519561848987
2024-05-06,1078.165468541063
2024-05-07,1097.4332498696313
2024-05-08,1073.5708017710242
2024-05-09,1084.7658762142812
2024-05-10,1088.547172808359
2024-05-13,1095.6896586104276
2024-05-14,1129.7011099915546
2024-05-15,1101.0468731366773
2024-05-16,1162.103482778187
2024-05-17,1151.891106582117
2024-05-20,1189.0306067512886
2024-05-21,1175.848137251868
2024-05-22,1184.8738112751175
2024-05-23,1112.240086793406
2024-05-24,1169.0495785930202
2024-05-27,1168.387681810019
2024-05-28,1130.878204510665
2024-05-29,1134.551238960418
2024-05-30,1131.1258591553621
2024-05-31,1155.3403812511053
2024-06-03,1099.1121290560525
2024-06-04,1090.2492293300245
2024-06-05,1094.3685330454598
2024-06-06,1066.8323259609167
2024-06-07,1039.7577466924165
2024-06-10,1026.5886930719153
2024-06-11,1017.629587882163
2024-06-12,1045.392216641289
2024-06-13,1079.376270953213
2024-06-14,1029.4720429532258
2024-06-17,1007.4889761921182
2024-06-18,1062.3370956906867
2024-06-19,1067.081830031079
2024-06-20,1081.703592384455
2024-06-21,1099.7616794827295
2024-06-24,1091.5749070949823
2024-06-25,1095.1614318114043
2024-06-26,1090.6367902917175
2024-06-27,1105.1901968450823
2024-06-28,1103.7177496330964
2024-07-01,1077.571623140865
2024-07-02,1088.4141266157565
2024-07-03,1102.6342762839713
2024-07-04,1087.340778358387
2024-07-05,1090.4388083386623
2024-07-08,1097.121497459096
2024-07-09,1118.370207597323
2024-07-10,1156.7138200760905
2024-07-11,1128.860721322754
2024-07-12,1105.3752815236478
2024-07-15,1076.1457035583435
2024-07-16,1095.0809343812527
2024-07-17,1097.7079278760089
2024-07-18,1081.2611968923206
2024-07-19,1110.786918250968
2024-07-22,1095.8726155939698
2024-07-23,1097.6450064766427
2024-07-24,1102.4632057809592
2024-07-25,1143.1786059298022
2024-07-26,1150.4062064724533
2024-07-29,1148.2017216696163
2024-07-30,1139.433055395863
2024-07-31,1122.3131804969435
2024-08-01,1062.405748752179
2024-08-02,1105.607139115666
2024-08-05,1142.1154835628747
2024-08-06,1142.1475346785046
2024-08-07,1154.8367072510632
2024-08-08,1117.3223200947348
2024-08-09,1141.017821073082
2024-08-12,1103.6550164929022
2024-08-13,1113.9636549715524
2024-08-14,1115.4353868345204
2024-08-15,1114.7660938510628
2024-08-16,1149.1029054416465
2024-08-19,1116.2679432048587
2024-08-20,1067.2860779016344
2024-08-21,1068.8520126824997
2024-08-22,1046.8596232024456
2024-08-23,1049.1329570201008
2024-08-26,1059.936634940756
2024-08-27,1015.7106559866395
2024-08-28,1049.6569836774142
2024-08-29,1091.000937508962
2024-08-30,1059.6133620493213
2024-09-02,1072.854694881182
2024-09-03,1097.5654453481088
2024-09-04,1113.7000182284828
2024-09-05,1077.0548317817618
2024-09-06,1055.566974801842
2024-09-09,1050.906907501271
2024-09-10,1047.9318249342634
2024-09-11,1048.5593065949483
2024-09-12,1035.5703027560542
2024-09-13,1032.0416988753616
2024-09-16,1030.5764252964532
2024-09-17,1015.3091895141482
2024-09-18,989.449328806847
2024-09-19,957.2988175888557
2024-09-20,1008.3703802711915
2024-09-23,1005.468677195428
2024-09-24,1031.0235475373524
2024-09-25,1057.8886086837585
2024-09-26,1005.3612974359766
2024-09-27,1010.3547456408529
2024-09-30,978.6966956947055
2024-10-01,985.813320304355
2024-10-02,1029.7152614071922
2024-10-03,1063.15401207436
2024-10-04,1058.9131493117218
2024-10-07,1062.0067153440416
2024-10-08,1066.2653212177588
2024-10-09,1072.3549633250907
2024-10-10,1015.1692626288282
2024-10-11,1028.765592389728
2024-10-14,1022.0239911589055
2024-10-15,986.5600197846464
2024-10-16,1014.2128974907035
2024-10-17,1019.5688417529668
2024-10-18,991.5568097272751
2024-10-21,963.3114004980958
2024-10-22,957.9154612190357
2024-10-23,966.3951208268348
2024-10-24,932.2829842092289
2024-10-25,1003.0781068929426
2024-10-28,985.602508942553
2024-10-29,1005.3061822902137
2024-10-30,1006.8929898824332
2024-10-31,1032.4847424864079
2024-11-01,1075.366591276312
2024-11-04,1122.1162254068804
2024-11-05,1129.353859830655
2024-11-06,1154.4267754798502
2024-11-07,1182.4863240983864
2024-11-08,1171.8310966972713
2024-11-11,1183.9867099828389
2024-11-12,1186.957734132049
2024-11-13,1195.505084404848
2024-11-14,1216.8845553640926
2024-11-15,1157.1153206053582
2024-11-18,1173.4511413269774
2024-11-19,1141.3481691582624
2024-11-20,1131.224229214413
2024-11-21,1162.824958867607
2024-11-22,1221.287732075586
2024-11-25,1231.332652588726
2024-11-26,1296.8014408556098
2024-11-27,1275.0833040070668
2024-11-28,1217.290246541732
2024-11-29,1223.7370003841154
2024-12-02,1249.0238990570415
2024-12-03,1217.19531574668
2024-12-04,1210.5868525885912
2024-12-05,1212.6904837549991
2024-12-06,1224.521692946129
2024-12-09,1190.3085031550988
2024-12-10,1210.4214936796661
2024-12-11,1186.7196924823936
2024-12-12,1138.41079969571
2024-12-13,1134.4989033896813
2024-12-16,1165.8172584781826
2024-12-17,1208.5019679304196
2024-12-18,1229.5712695167572
2024-12-19,1249.0572653409974
2024-12-20,1248.912560978295
2024-12-23,1213.9340488823213
2024-12-24,1198.7835022846607
2024-12-25,1163.6068521861641
2024-12-26,1170.5308790861275
2024-12-27,1137.4329569531508
2024-12-30,1159.3183163691133
2024-12-31,1174.8078177744887
