Date,DIS
2020-01-01,50.324974593399695
2020-01-02,48.70128804907747
2020-01-03,48.06506488261671
2020-01-06,49.55433584583274
2020-01-07,49.24214113926321
2020-01-08,47.15101565287396
2020-01-09,46.95352052994802
2020-01-10,48.003464348541435
2020-01-13,47.40107634486001
2020-01-14,49.966375520395935
2020-01-15,50.0801399823779
2020-01-16,51.36211149181388
2020-01-17,51.54046642577983
2020-01-20,50.79124124783249
2020-01-21,48.36339506628937
2020-01-22,47.82278909700106
2020-01-23,48.131492564240034
2020-01-24,47.94905050896143
2020-01-27,47.0466787299267
2020-01-28,46.46579855074992
2020-01-29,47.03961386061309
2020-01-30,48.49933127800455
2020-01-31,48.548890765846025
2020-02-03,48.37626361050214
2020-02-04,47.64091351209714
2020-02-05,48.539803121425464
2020-02-06,47.780179838050046
2020-02-07,48.51986735636701
2020-02-10,48.4719441199201
2020-02-11,50.098530585484454
2020-02-12,50.5109142223956
2020-02-13,50.70577087204841
2020-02-14,51.205969862020964
2020-02-17,51.38216961238758
2020-02-18,52.617180170495224
2020-02-19,55.39502622881463
2020-02-20,55.652858152134975
2020-02-21,55.112826915146265
2020-02-24,55.20530338694621
2020-02-25,53.484583648102266
2020-02-26,51.240686538720176
2020-02-27,50.37505564851282
2020-02-28,51.233943693061555
2020-03-02,50.55256722437534
2020-03-03,51.00176457418257
2020-03-04,49.896244802390896
2020-03-05,51.87074364299569
2020-03-06,51.210617858633924
2020-03-09,52.13965091615199
2020-03-10,52.07826274133711
2020-03-11,53.05659612609574
2020-03-12,54.18047648765567
2020-03-13,54.40687071968634
2020-03-16,56.70256151862912
2020-03-17,59.10878182408548
2020-03-18,53.241224108871435
2020-03-19,53.500494917330855
2020-03-20,53.61028775210667
2020-03-23,52.22111001566648
2020-03-24,53.41621893668406
2020-03-25,52.97752477511135
2020-03-26,54.21147275516851
2020-03-27,54.644885190541075
2020-03-30,54.487811095876445
2020-03-31,54.25645298594945
2020-04-01,55.51276948117478
2020-04-02,55.67361792460731
2020-04-03,55.10975595522473
2020-04-06,55.48067441024384
2020-04-07,54.92574693548473
2020-04-08,56.09507247898749
2020-04-09,56.466794329577105
2020-04-10,60.84850258382093
2020-04-13,60.26309564672926
2020-04-14,63.64334847521132
2020-04-15,63.424831013559725
2020-04-16,63.634561296428124
2020-04-17,64.67205135238333
2020-04-20,62.98826306349056
2020-04-21,64.56912120099406
2020-04-22,64.46315729844974
2020-04-23,66.67807661868905
2020-04-24,65.3152223318116
2020-04-27,65.81992670609398
2020-04-28,63.9193278785266
2020-04-29,62.243654293644234
2020-04-30,61.19828696075908
2020-05-01,60.449110674378495
2020-05-04,62.26388871229763
2020-05-05,60.553542200152926
2020-05-06,61.589434790385006
2020-05-07,61.751506493061434
2020-05-08,60.24904839373242
2020-05-11,58.586869686435584
2020-05-12,58.28956340583559
2020-05-13,57.93900811841857
2020-05-14,56.89933607698093
2020-05-15,55.386949107375834
2020-05-18,57.31011666382417
2020-05-19,58.802138271574805
2020-05-20,59.53597095255796
2020-05-21,63.56455955988713
2020-05-22,67.24577216234448
2020-05-25,67.3002541431315
2020-05-26,66.63895938016906
2020-05-27,65.01343775828101
2020-05-28,64.0683569463887
2020-05-29,61.616188389986135
2020-06-01,58.04883118243685
2020-06-02,56.168635525325236
2020-06-03,57.765080886262886
2020-06-04,58.60542087035862
2020-06-05,56.76071854208041
2020-06-08,55.30061651770219
2020-06-09,56.84831427220784
2020-06-10,56.02233922131348
2020-06-11,56.287600979024326
2020-06-12,57.932809567220296
2020-06-15,56.025644812791484
2020-06-16,54.510142252599096
2020-06-17,55.173018505232314
2020-06-18,53.33146927508619
2020-06-19,51.71990319082036
2020-06-22,51.24013960426188
2020-06-23,51.62129168159041
2020-06-24,53.02898533775369
2020-06-25,54.79026419711435
2020-06-26,52.34775024668142
2020-06-29,51.63908401276288
2020-06-30,52.49183968904222
2020-07-01,53.55494631282722
2020-07-02,54.89311182482915
2020-07-03,56.7344786282911
2020-07-06,57.882190245596234
2020-07-07,58.042482504290405
2020-07-08,58.786059813350256
2020-07-09,59.555120691287975
2020-07-10,57.867956319278626
2020-07-13,57.523705609189655
2020-07-14,58.94618990693267
2020-07-15,60.062677758625426
2020-07-16,59.56088449381402
2020-07-17,61.397763529952385
2020-07-20,60.24793747113965
2020-07-21,59.33237013521718
2020-07-22,62.22060174103489
2020-07-23,60.944535303009594
2020-07-24,61.124904115918426
2020-07-27,60.29931783995932
2020-07-28,59.57252772773836
2020-07-29,57.41201840147503
2020-07-30,57.69954975146579
2020-07-31,55.072806227087334
2020-08-03,53.40968442071968
2020-08-04,54.3653497981205
2020-08-05,56.833964268978235
2020-08-06,57.550605079054094
2020-08-07,56.49212718913427
2020-08-10,58.312407066381574
2020-08-11,60.786319418714214
2020-08-12,61.70364281758407
2020-08-13,62.52808957390053
2020-08-14,61.315000510719855
2020-08-17,57.385656033314724
2020-08-18,56.38038153818043
2020-08-19,54.68377830408037
2020-08-20,55.887701710621855
2020-08-21,54.92972639881714
2020-08-24,54.23635978385823
2020-08-25,54.356593655873226
2020-08-26,54.69427346306659
2020-08-27,52.542573377726775
2020-08-28,52.65810760625821
2020-08-31,54.78788383522943
2020-09-01,56.554582864718384
2020-09-02,57.05348685267711
2020-09-03,55.804235950694334
2020-09-04,55.49455088151154
2020-09-07,52.69947874724897
2020-09-08,54.10752315576195
2020-09-09,53.22839203376147
2020-09-10,55.455873085072746
2020-09-11,58.05111766199739
2020-09-14,56.76312223163588
2020-09-15,56.39144252040466
2020-09-16,55.59507006623204
2020-09-17,56.080284645621894
2020-09-18,54.89496279625235
2020-09-21,54.63374598024756
2020-09-22,53.04155176025387
2020-09-23,50.779829139879396
2020-09-24,52.575917000985406
2020-09-25,53.81341847169432
2020-09-28,53.457862243882595
2020-09-29,53.99851227253229
2020-09-30,53.21094741586698
2020-10-01,54.88414056985856
2020-10-02,53.66857700858276
2020-10-05,54.65341233995889
2020-10-06,55.472505464175676
2020-10-07,57.59748112995983
2020-10-08,58.63798389824134
2020-10-09,57.775721126180386
2020-10-12,59.052457964451875
2020-10-13,58.501283479390054
2020-10-14,55.07955385873015
2020-10-15,55.9048535267255
2020-10-16,58.89178503835176
2020-10-19,56.114999146466786
2020-10-20,54.13904803007215
2020-10-21,53.98088341791889
2020-10-22,51.70220003968124
2020-10-23,51.091521118948116
2020-10-26,50.30228397079121
2020-10-27,52.35545382327402
2020-10-28,54.052180896321694
2020-10-29,53.60410261188795
2020-10-30,52.290586209847206
2020-11-02,50.087318587024704
2020-11-03,50.98729258173481
2020-11-04,49.47023370778307
2020-11-05,51.85248724943619
2020-11-06,52.445653708836076
2020-11-09,54.81465641611155
2020-11-10,54.75457078250821
2020-11-11,53.58219875263261
2020-11-12,54.93446163351313
2020-11-13,55.35506306749704
2020-11-16,54.16705272225685
2020-11-17,53.512704927946906
2020-11-18,55.09339872034753
2020-11-19,51.686204752255875
2020-11-20,51.926019722594496
2020-11-23,53.58468826987813
2020-11-24,50.44982193226436
2020-11-25,47.991742226563375
2020-11-26,47.84102079582451
2020-11-27,49.72374852144627
2020-11-30,52.554651266168015
2020-12-01,51.74503309094683
2020-12-02,51.50854915130802
2020-12-03,53.42450067733039
2020-12-04,52.69304196465325
2020-12-07,52.75952916034457
2020-12-08,55.62932188686774
2020-12-09,57.96050589110094
2020-12-10,58.68102958588301
2020-12-11,61.44571202330505
2020-12-14,58.438231529860225
2020-12-15,58.90624264196822
2020-12-16,58.16934637224549
2020-12-17,54.161408891434895
2020-12-18,57.30721232365786
2020-12-21,55.94959327006225
2020-12-22,55.35877839844624
2020-12-23,56.458143175272035
2020-12-24,57.85850988392797
2020-12-25,55.14334200828626
2020-12-28,55.146740752507846
2020-12-29,54.29853083756497
2020-12-30,53.633234005026004
2020-12-31,53.322655758789935
2021-01-01,52.478675370399856
2021-01-04,53.02336268632077
2021-01-05,56.186149063927225
2021-01-06,56.11941838680119
2021-01-07,56.303463564413775
2021-01-08,57.20643313467269
2021-01-11,57.74331877227925
2021-01-12,58.56381767090725
2021-01-13,58.493190861123395
2021-01-14,56.38690636629855
2021-01-15,54.70242355859642
2021-01-18,54.44529449247109
2021-01-19,52.14169053895139
2021-01-20,50.956438954959125
2021-01-21,51.11443659378285
2021-01-22,51.21482885431707
2021-01-25,49.48275449460685
2021-01-26,48.906237570345105
2021-01-27,50.910722832136265
2021-01-28,52.63182716546737
2021-01-29,53.308595629966284
2021-02-01,51.82543344674164
2021-02-02,53.07868356688607
2021-02-03,52.045480624757154
2021-02-04,51.50950525961035
2021-02-05,54.296798675446915
2021-02-08,50.764280689700065
2021-02-09,50.854037447566505
2021-02-10,49.16684170959046
2021-02-11,47.552013082050344
2021-02-12,47.051348583032706
2021-02-15,50.42273446755931
2021-02-16,51.192011330334005
2021-02-17,49.53117756024898
2021-02-18,49.70040720527368
2021-02-19,49.5132126596921
2021-02-22,50.616413306274
2021-02-23,49.448888475980254
2021-02-24,49.957481402526426
2021-02-25,50.24030335069309
2021-02-26,48.582867635690526
2021-03-01,48.42546325457115
2021-03-02,48.070827009737364
2021-03-03,48.64401314948597
2021-03-04,49.456068118239756
2021-03-05,48.5329353875842
2021-03-08,46.234492415922496
2021-03-09,45.877195527798506
2021-03-10,44.949988069337174
2021-03-11,45.331983335680015
2021-03-12,43.27207032391892
2021-03-15,42.45660483123633
2021-03-16,41.266860416699735
2021-03-17,40.789197333625175
2021-03-18,40.55127694204705
2021-03-19,40.01308460708323
2021-03-22,39.36666014863431
2021-03-23,39.737299807892256
2021-03-24,38.618546754448175
2021-03-25,38.61312178885179
2021-03-26,37.819349201366194
2021-03-29,35.640106107667556
2021-03-30,36.26203808424151
2021-03-31,37.15463301523628
2021-04-01,38.062220590771474
2021-04-02,37.65474210286913
2021-04-05,37.261480704153776
2021-04-06,36.10458827697987
2021-04-07,35.45220524159867
2021-04-08,36.57006204280044
2021-04-09,36.2350066861531
2021-04-12,35.66112475770399
2021-04-13,36.518067590687494
2021-04-14,36.52721961971168
2021-04-15,36.551268866139516
2021-04-16,35.800062374122035
2021-04-19,36.785960300351995
2021-04-20,36.34392054827468
2021-04-21,36.31295697541666
2021-04-22,36.96756842730838
2021-04-23,37.108389516525314
2021-04-26,36.59684328548674
2021-04-27,38.06700995196799
2021-04-28,38.83826691588078
2021-04-29,39.57762876081272
2021-04-30,41.26947014886484
2021-05-03,41.52619367505613
2021-05-04,40.37425716283688
2021-05-05,41.150021815064925
2021-05-06,44.22304236095831
2021-05-07,44.368809068226625
2021-05-10,45.086494012212185
2021-05-11,44.0746301685354
2021-05-12,42.89741568951996
2021-05-13,43.310355661796116
2021-05-14,41.66358115535456
2021-05-17,43.05696877984083
2021-05-18,42.0146752497249
2021-05-19,41.30905409657476
2021-05-20,40.72868654963043
2021-05-21,39.81924688896215
2021-05-24,40.59794237529722
2021-05-25,38.82151678316616
2021-05-26,38.889517475848805
2021-05-27,38.314522254598074
2021-05-28,37.30185904045275
2021-05-31,37.81788179146022
2021-06-01,37.61318245336671
2021-06-02,36.426268896013056
2021-06-03,37.02503390826168
2021-06-04,37.13835896169588
2021-06-07,36.292272462374314
2021-06-08,35.95432846394521
2021-06-09,36.3380017223167
2021-06-10,36.58197439032698
2021-06-11,36.07882327206044
2021-06-14,35.77730306483574
2021-06-15,34.74584396494747
2021-06-16,34.067817392543844
2021-06-17,34.47885287649969
2021-06-18,34.87107695336017
2021-06-21,36.567229447266534
2021-06-22,37.200256977197064
2021-06-23,38.17053941327652
2021-06-24,38.03185004112094
2021-06-25,39.43289356151209
2021-06-28,39.45232020210806
2021-06-29,38.580982178630954
2021-06-30,36.90653743984103
2021-07-01,35.98635720306658
2021-07-02,35.91876969798796
2021-07-05,36.52014495789787
2021-07-06,38.622656616658595
2021-07-07,39.33356808438781
2021-07-08,38.24659264770542
2021-07-09,38.12384252776743
2021-07-12,37.49193144990872
2021-07-13,37.595001480697015
2021-07-14,37.449225965187566
2021-07-15,37.250331639304946
2021-07-16,36.81426010663956
2021-07-19,35.90174017839948
2021-07-20,35.92385741689974
2021-07-21,34.748165060249995
2021-07-22,34.09865517699363
2021-07-23,34.997062204623205
2021-07-26,35.01300948857878
2021-07-27,34.390654622587746
2021-07-28,34.86066559993283
2021-07-29,36.193319741803855
2021-07-30,37.30612259078591
2021-08-02,37.55450919026108
2021-08-03,37.0887940489942
2021-08-04,37.35126407215613
2021-08-05,37.98641099888735
2021-08-06,38.6043639945731
2021-08-09,38.00161522001874
2021-08-10,39.24509169483369
2021-08-11,39.160671133995436
2021-08-12,39.28910109984646
2021-08-13,40.16290145571382
2021-08-16,41.34327026997307
2021-08-17,42.07275947232005
2021-08-18,42.119409695784704
2021-08-19,41.28539059770886
2021-08-20,40.55120294749372
2021-08-23,41.520785791029425
2021-08-24,41.63580309025982
2021-08-25,42.41247934844418
2021-08-26,42.47529953979163
2021-08-27,42.98691849224806
2021-08-30,44.17478931042828
2021-08-31,43.46213367221848
2021-09-01,43.32568385813439
2021-09-02,44.183429595466166
2021-09-03,45.714818934534975
2021-09-06,46.922293736918334
2021-09-07,48.73040857948496
2021-09-08,49.4135696947083
2021-09-09,51.422891850065675
2021-09-10,53.45837424023272
2021-09-13,54.59784863066008
2021-09-14,54.15332163884978
2021-09-15,53.04855764529855
2021-09-16,54.97211425836261
2021-09-17,54.69541662345265
2021-09-20,55.42955327771649
2021-09-21,52.6841877002264
2021-09-22,54.91286697046763
2021-09-23,56.4324261337111
2021-09-24,57.239193855277804
2021-09-27,58.230188870753636
2021-09-28,58.986955673076125
2021-09-29,57.99848562664574
2021-09-30,58.233702569792
2021-10-01,56.88642272810226
2021-10-04,58.51768654964042
2021-10-05,61.12041120603434
2021-10-06,60.60764170268631
2021-10-07,58.711838917507905
2021-10-08,59.565014133467855
2021-10-11,59.85260751415498
2021-10-12,58.92232336897959
2021-10-13,57.11991491625322
2021-10-14,56.463549267474946
2021-10-15,55.658280339927025
2021-10-18,56.62729027061934
2021-10-19,56.207287176513205
2021-10-20,55.80910025409973
2021-10-21,55.67245634321112
2021-10-22,54.880665319978455
2021-10-25,53.86041900115324
2021-10-26,56.104461491361356
2021-10-27,54.745097556704806
2021-10-28,54.557548255272124
2021-10-29,56.32479011755054
2021-11-01,53.492733449823085
2021-11-02,53.66562197522272
2021-11-03,52.13285967905858
2021-11-04,51.81987040875259
2021-11-05,50.64231928863702
2021-11-08,49.910451278799506
2021-11-09,49.49590088396238
2021-11-10,50.58855620632886
2021-11-11,50.54674063976973
2021-11-12,49.79866530463401
2021-11-15,49.1634528776313
2021-11-16,48.229679117043325
2021-11-17,45.83466190085919
2021-11-18,45.68117502218442
2021-11-19,45.77659192346758
2021-11-22,44.82527539184133
2021-11-23,43.96709104231059
2021-11-24,42.747628633028825
2021-11-25,44.162795118456955
2021-11-26,43.062072369701
2021-11-29,42.55697561166285
2021-11-30,40.112428769391826
2021-12-01,37.53622961737171
2021-12-02,38.267164406681175
2021-12-03,39.07623357825088
2021-12-06,38.29274308882159
2021-12-07,39.32903803270983
2021-12-08,40.06635671941465
2021-12-09,40.2763777081797
2021-12-10,39.23933317945225
2021-12-13,37.71230283001411
2021-12-14,38.27780094060432
2021-12-15,38.65676462934359
2021-12-16,41.068798714160124
2021-12-17,40.078767351383206
2021-12-20,40.387681889144964
2021-12-21,42.37176114605291
2021-12-22,42.59425469945208
2021-12-23,42.60971874616742
2021-12-24,44.25226875360046
2021-12-27,44.91841381415764
2021-12-28,43.70736192802468
2021-12-29,41.68986496775809
2021-12-30,42.27283684483165
2021-12-31,42.50494091352276
2022-01-03,43.1397016924306
2022-01-04,43.74012731754342
2022-01-05,44.19335198269854
2022-01-06,44.02211009377464
2022-01-07,44.17177217210176
2022-01-10,42.7653501281829
2022-01-11,44.246480510040016
2022-01-12,45.85328192728994
2022-01-13,44.1521498239054
2022-01-14,42.276907083971295
2022-01-17,42.5942115944059
2022-01-18,41.83216776756632
2022-01-19,43.37868322884909
2022-01-20,42.74141308615538
2022-01-21,42.883800188748616
2022-01-24,43.205017077256485
2022-01-25,42.92014379510595
2022-01-26,41.35763699538526
2022-01-27,42.26345090742753
2022-01-28,41.400683147029
2022-01-31,42.067875339782375
2022-02-01,41.74876892423866
2022-02-02,43.403308262866624
2022-02-03,43.87227871188194
2022-02-04,42.83040207383076
2022-02-07,43.91718119521625
2022-02-08,43.05849218065407
2022-02-09,42.471147999482476
2022-02-10,42.23694112730973
2022-02-11,41.469302097858176
2022-02-14,42.50565297511048
2022-02-15,43.27640061212618
2022-02-16,41.20702029581613
2022-02-17,39.94488149638635
2022-02-18,39.88122281434851
2022-02-21,40.87204551090458
2022-02-22,39.22773632002958
2022-02-23,39.07983255762443
2022-02-24,39.649425254246566
2022-02-25,40.10929139878681
2022-02-28,39.383019723511836
2022-03-01,39.49635388290988
2022-03-02,39.972679828402164
2022-03-03,41.85685408442108
2022-03-04,44.16961815510647
2022-03-07,44.52823434238355
2022-03-08,44.56378484777142
2022-03-09,45.56407038691363
2022-03-10,45.85370996205194
2022-03-11,47.086839392605725
2022-03-14,47.48988643942276
2022-03-15,46.86379266417281
2022-03-16,48.363214966427506
2022-03-17,47.093597530817185
2022-03-18,47.714828654917376
2022-03-21,49.033683814777135
2022-03-22,49.426286672873346
2022-03-23,49.84410902541236
2022-03-24,49.69396142161221
2022-03-25,51.565973855641886
2022-03-28,53.39764978153215
2022-03-29,53.881669920801
2022-03-30,54.15267698980559
2022-03-31,53.572719357029385
2022-04-01,54.37025270487127
2022-04-04,54.7430354383212
2022-04-05,54.64319716399662
2022-04-06,54.94398035875714
2022-04-07,54.74262894051676
2022-04-08,54.379215285044545
2022-04-11,54.75621752082096
2022-04-12,54.80609028688776
2022-04-13,54.56737882693248
2022-04-14,52.88471337326537
2022-04-15,51.48944104806025
2022-04-18,54.731713745028095
2022-04-19,53.06451627550324
2022-04-20,54.35535043887098
2022-04-21,55.675668959752905
2022-04-22,55.77924774619101
2022-04-25,57.59726495855216
2022-04-26,56.3149551923724
2022-04-27,56.65466194327209
2022-04-28,57.44168206122275
2022-04-29,57.42450931093261
2022-05-02,60.97173123484033
2022-05-03,60.88286923805735
2022-05-04,59.5093628255513
2022-05-05,59.51316367582405
2022-05-06,60.7737011902161
2022-05-09,60.48857370683016
2022-05-10,58.45788955394124
2022-05-11,58.02216024100494
2022-05-12,60.03217314919455
2022-05-13,62.74426928287481
2022-05-16,60.50788806075732
2022-05-17,62.995346730358186
2022-05-18,61.788072816379135
2022-05-19,61.9381132138693
2022-05-20,62.13510558487286
2022-05-23,64.14981663261395
2022-05-24,66.56535015581355
2022-05-25,67.01418694754187
2022-05-26,65.9776741183875
2022-05-27,67.37297983123135
2022-05-30,68.65644806994973
2022-05-31,69.55516251900411
2022-06-01,74.41213661175811
2022-06-02,73.10673541567408
2022-06-03,73.70443072214934
2022-06-06,74.22460814957242
2022-06-07,75.74358719714151
2022-06-08,75.41199161614198
2022-06-09,75.54404894102188
2022-06-10,74.60710518757064
2022-06-13,75.16822134257657
2022-06-14,73.7882206176672
2022-06-15,73.09153674523697
2022-06-16,73.15624597857914
2022-06-17,72.80201375406904
2022-06-20,70.60282323118592
2022-06-21,69.26312214641118
2022-06-22,69.51739726569096
2022-06-23,74.12319178080796
2022-06-24,72.5499067930622
2022-06-27,73.63116782064893
2022-06-28,73.14246474608774
2022-06-29,71.58448124850308
2022-06-30,71.95862919237143
2022-07-01,73.61397075339765
2022-07-04,74.48816265137074
2022-07-05,74.12630707015401
2022-07-06,77.8292347931447
2022-07-07,82.32000921778702
2022-07-08,83.42736311095759
2022-07-11,82.52068811365326
2022-07-12,82.61171406997774
2022-07-13,83.40523346437301
2022-07-14,86.4401407317909
2022-07-15,87.10281217170166
2022-07-18,83.87373217770951
2022-07-19,84.77858667535662
2022-07-20,83.9746046282974
2022-07-21,85.14074680318745
2022-07-22,85.93900908679068
2022-07-25,83.52111820371002
2022-07-26,87.93478516041583
2022-07-27,87.50763531651184
2022-07-28,89.4660085951742
2022-07-29,92.32355487147237
2022-08-01,98.16302319767053
2022-08-02,96.5121630753666
2022-08-03,94.11835295555402
2022-08-04,94.64996058513549
2022-08-05,99.23495892317369
2022-08-08,99.59884045703528
2022-08-09,100.79829013189531
2022-08-10,101.35766597566491
2022-08-11,103.56598700355697
2022-08-12,102.18276702445638
2022-08-15,104.53826008048053
2022-08-16,105.4371794549974
2022-08-17,101.95687405291002
2022-08-18,103.20402342507407
2022-08-19,101.10387653656812
2022-08-22,100.49456015803673
2022-08-23,103.02038858526149
2022-08-24,99.82052170093438
2022-08-25,101.4856838221142
2022-08-26,104.1900524120688
2022-08-29,101.86668140831966
2022-08-30,103.56700749313605
2022-08-31,101.91951800693283
2022-09-01,101.27634151390018
2022-09-02,103.08808716371566
2022-09-05,103.10276293456938
2022-09-06,105.0912141487829
2022-09-07,111.03409648770705
2022-09-08,111.82570645148097
2022-09-09,115.15639857575782
2022-09-12,116.21852106283438
2022-09-13,117.97852711915324
2022-09-14,118.83848519138337
2022-09-15,128.86869068575714
2022-09-16,132.82125526609784
2022-09-19,127.59379254764828
2022-09-20,128.86433806200287
2022-09-21,130.9267916775027
2022-09-22,127.6241780626234
2022-09-23,124.43927785716785
2022-09-26,123.63818450737884
2022-09-27,124.49795862422756
2022-09-28,126.76639226167245
2022-09-29,123.20322670089288
2022-09-30,124.03356348468664
2022-10-03,123.34496820808462
2022-10-04,128.4350916418469
2022-10-05,128.0040137341123
2022-10-06,126.34948428458314
2022-10-07,127.18733497814107
2022-10-10,131.41556826877513
2022-10-11,131.47826311488052
2022-10-12,133.66208191442837
2022-10-13,125.76927524506151
2022-10-14,127.41826953302451
2022-10-17,129.2581330005971
2022-10-18,130.2840795760258
2022-10-19,128.36685363832322
2022-10-20,122.95170778897112
2022-10-21,125.78090327101897
2022-10-24,120.55649625318193
2022-10-25,121.3357664055128
2022-10-26,122.37176597299656
2022-10-27,124.52119422537649
2022-10-28,125.31787137675646
2022-10-31,131.30409380435117
2022-11-01,132.28051162313045
2022-11-02,140.97419179535007
2022-11-03,147.38538202856202
2022-11-04,153.77501015162863
2022-11-07,161.10281127026255
2022-11-08,160.26054167745392
2022-11-09,159.0582661019375
2022-11-10,155.51948297623193
2022-11-11,157.8921746861892
2022-11-14,153.77538044503382
2022-11-15,157.48761923018932
2022-11-16,152.62163341822892
2022-11-17,151.29059947033753
2022-11-18,151.55243964405966
2022-11-21,150.76769097375637
2022-11-22,155.12870702108194
2022-11-23,152.13768374888423
2022-11-24,149.64461515494096
2022-11-25,148.29116077592707
2022-11-28,148.5282272066034
2022-11-29,149.69113322633146
2022-11-30,147.08187201563672
2022-12-01,144.42354713192498
2022-12-02,144.23325074448545
2022-12-05,150.03080427664656
2022-12-06,157.80855920569027
2022-12-07,162.16737722298026
2022-12-08,162.81148930473847
2022-12-09,159.81118931368067
2022-12-12,158.204980124254
2022-12-13,153.29690179679284
2022-12-14,150.49695375931344
2022-12-15,149.63589277035516
2022-12-16,147.96845736054036
2022-12-19,152.8763454020709
2022-12-20,152.87525025087422
2022-12-21,156.51781973969426
2022-12-22,150.63013511032918
2022-12-23,149.11187331387185
2022-12-26,149.43642624556438
2022-12-27,147.32886494975062
2022-12-28,137.80422961495725
2022-12-29,141.85288823782068
2022-12-30,135.3265342302616
2023-01-02,136.8158416793644
2023-01-03,138.69444061312052
2023-01-04,140.87517392345188
2023-01-05,140.51394209298766
2023-01-06,145.41891251051607
2023-01-09,147.13023248598054
2023-01-10,147.7653564918619
2023-01-11,143.7426962730023
2023-01-12,136.7865930785348
2023-01-13,143.44982229349952
2023-01-16,148.648127825815
2023-01-17,141.97972110325372
2023-01-18,145.67302942056602
2023-01-19,146.91315423597763
2023-01-20,148.98418138896417
2023-01-23,141.9816587850592
2023-01-24,143.67775151547752
2023-01-25,140.5384846469844
2023-01-26,141.4414805877987
2023-01-27,142.40953635596804
2023-01-30,139.68382893210108
2023-01-31,137.0834611386329
2023-02-01,133.4959182626133
2023-02-02,138.43702050219238
2023-02-03,143.09873117838822
2023-02-06,139.25090068271473
2023-02-07,139.50663851949074
2023-02-08,137.3918494868261
2023-02-09,141.3033632003315
2023-02-10,139.4393819989855
2023-02-13,138.24685424105255
2023-02-14,138.03912249007533
2023-02-15,133.28978743080515
2023-02-16,129.58620873336875
2023-02-17,122.85467275389995
2023-02-20,122.62635549681919
2023-02-21,128.64877870454546
2023-02-22,132.61613566070469
2023-02-23,139.1271102983766
2023-02-24,137.69422308208806
2023-02-27,134.1760840086249
2023-02-28,134.6182299801514
2023-03-01,133.33217626998035
2023-03-02,132.22515299001606
2023-03-03,134.93741431434123
2023-03-06,133.63580635255624
2023-03-07,136.30930553571162
2023-03-08,138.87691891127227
2023-03-09,137.40962124220525
2023-03-10,140.78164763077234
2023-03-13,143.09149063387736
2023-03-14,146.10809360261794
2023-03-15,148.71238959720142
2023-03-16,148.86405122479474
2023-03-17,152.15390650140264
2023-03-20,150.16785501493467
2023-03-21,150.01652476765477
2023-03-22,150.66589524760775
2023-03-23,152.6477233380166
2023-03-24,150.20575198548724
2023-03-27,147.90469247474007
2023-03-28,146.12906030175864
2023-03-29,146.38925716836476
2023-03-30,154.19158913744033
2023-03-31,146.44397078990247
2023-04-03,148.39163766978197
2023-04-04,154.41270321061108
2023-04-05,157.85136919004344
2023-04-06,157.71254359842652
2023-04-07,153.55316204130295
2023-04-10,156.00535533418943
2023-04-11,160.70162077017142
2023-04-12,156.41588658710427
2023-04-13,163.17008917151577
2023-04-14,171.41401478692438
2023-04-17,168.83636922464538
2023-04-18,168.8044055266613
2023-04-19,160.83553370891744
2023-04-20,156.60303588368114
2023-04-21,155.80491489902184
2023-04-24,154.02272552126246
2023-04-25,150.90765520904938
2023-04-26,148.46932785031512
2023-04-27,153.22035525218715
2023-04-28,158.31917825656535
2023-05-01,167.38520145242222
2023-05-02,167.68192023796405
2023-05-03,166.0621810435543
2023-05-04,174.56861174845946
2023-05-05,179.1220609608044
2023-05-08,176.45822836271728
2023-05-09,173.64253210479936
2023-05-10,174.75322789839888
2023-05-11,170.5910949300677
2023-05-12,172.1412521924464
2023-05-15,172.49408528363765
2023-05-16,175.18637003433076
2023-05-17,174.71731930675872
2023-05-18,175.9898424975656
2023-05-19,176.2974556704851
2023-05-22,177.5871608019862
2023-05-23,180.7891502595858
2023-05-24,179.7434987724863
2023-05-25,184.46487990604228
2023-05-26,184.56982270127605
2023-05-29,187.848152781259
2023-05-30,186.78288251817315
2023-05-31,186.23376832248087
2023-06-01,185.3924382082535
2023-06-02,192.0400570405919
2023-06-05,188.56598601634758
2023-06-06,191.00816516247346
2023-06-07,194.46266314965195
2023-06-08,196.5984163710696
2023-06-09,191.0553608911902
2023-06-12,192.7908970097259
2023-06-13,193.09008177371928
2023-06-14,191.8992690077686
2023-06-15,194.86023228913461
2023-06-16,185.97202567972403
2023-06-19,190.6055387959037
2023-06-20,197.68836485837627
2023-06-21,204.55250145793715
2023-06-22,219.2848762637711
2023-06-23,217.70478572592327
2023-06-26,217.19548312722435
2023-06-27,222.18090508826435
2023-06-28,218.16997154948996
2023-06-29,223.30712248722173
2023-06-30,217.43556463187917
2023-07-03,228.10032735809443
2023-07-04,240.22234980877568
2023-07-05,238.68971300036628
2023-07-06,233.95188977696478
2023-07-07,224.7045039563645
2023-07-10,223.5468894782085
2023-07-11,228.8002429228199
2023-07-12,231.16875033589457
2023-07-13,237.9426704388519
2023-07-14,235.87654787748792
2023-07-17,247.1716190782686
2023-07-18,247.8878373699118
2023-07-19,247.92134919646702
2023-07-20,245.74721672127254
2023-07-21,243.13036060615613
2023-07-24,242.89034625438876
2023-07-25,231.6791547697604
2023-07-26,228.03066589730267
2023-07-27,226.16883207931266
2023-07-28,222.79146108017045
2023-07-31,227.28386163430025
2023-08-01,229.810390068786
2023-08-02,229.05664871728138
2023-08-03,218.2412423680805
2023-08-04,216.59493197397222
2023-08-07,219.44225292847077
2023-08-08,224.2223597530471
2023-08-09,226.03403280480794
2023-08-10,222.01212991305096
2023-08-11,214.35104068317062
2023-08-14,219.12069089315742
2023-08-15,218.3214332845831
2023-08-16,209.80881686090433
2023-08-17,202.484358526513
2023-08-18,194.25510689839797
2023-08-21,195.05114236602907
2023-08-22,197.16277610250336
2023-08-23,194.02064309212741
2023-08-24,193.9855390080686
2023-08-25,201.6133776926567
2023-08-28,193.13442565712822
2023-08-29,192.1062973231102
2023-08-30,192.878090188284
2023-08-31,195.0997074705742
2023-09-01,198.14577136068198
2023-09-04,197.0786008951332
2023-09-05,193.95266346123597
2023-09-06,193.57976662951597
2023-09-07,186.49396764377602
2023-09-08,185.20760442517835
2023-09-11,181.7911292698426
2023-09-12,177.2592708933172
2023-09-13,187.45957728031246
2023-09-14,184.06366442859854
2023-09-15,184.41935541845308
2023-09-18,194.88583552908207
2023-09-19,199.3590711063348
2023-09-20,196.6040632663271
2023-09-21,202.1327794050229
2023-09-22,208.07819161472224
2023-09-25,201.89452943634046
2023-09-26,200.1807477550662
2023-09-27,198.80149116233486
2023-09-28,198.4772094835304
2023-09-29,201.3807704726287
2023-10-02,208.43356002999158
2023-10-03,205.11442054090597
2023-10-04,200.2336675354043
2023-10-05,194.34654200745194
2023-10-06,198.01429456583588
2023-10-09,197.33073923026265
2023-10-10,192.0368722901534
2023-10-11,194.08392430523472
2023-10-12,188.60663393272748
2023-10-13,189.13695629405595
2023-10-16,185.7929875068717
2023-10-17,181.70910864063572
2023-10-18,177.80984020913937
2023-10-19,171.32590251133453
2023-10-20,180.73113249408595
2023-10-23,178.8736062739226
2023-10-24,171.21857220870405
2023-10-25,170.10127925960452
2023-10-26,165.50523184790455
2023-10-27,159.72222264391021
2023-10-30,158.205980284799
2023-10-31,155.32700158359083
2023-11-01,165.5177527069731
2023-11-02,162.29814808626205
2023-11-03,163.44418680352393
2023-11-06,165.1650302510344
2023-11-07,158.6871429339151
2023-11-08,158.76930542175157
2023-11-09,161.2197275157185
2023-11-10,158.83459437119774
2023-11-13,164.89997827149693
2023-11-14,161.81360116765816
2023-11-15,165.0606241801371
2023-11-16,167.38057150471587
2023-11-17,173.17518916740033
2023-11-20,163.64812234628093
2023-11-21,158.74678421375887
2023-11-22,154.15297368998696
2023-11-23,163.04385212651036
2023-11-24,154.79872318272945
2023-11-27,157.08248298104903
2023-11-28,160.7094947496767
2023-11-29,157.70972676117054
2023-11-30,160.91783572571842
2023-12-01,156.45197407124667
2023-12-04,162.4577709428632
2023-12-05,162.24555879540014
2023-12-06,161.64096515696514
2023-12-07,164.26784283163806
2023-12-08,164.63218381370518
2023-12-11,163.56930915942849
2023-12-12,160.89029600152404
2023-12-13,160.77172919143086
2023-12-14,157.53366802320443
2023-12-15,157.59252183472364
2023-12-18,153.868035911391
2023-12-19,155.1301915503279
2023-12-20,160.30697578203132
2023-12-21,172.77393231008807
2023-12-22,172.0983456196658
2023-12-25,166.4483735541702
2023-12-26,179.171288346785
2023-12-27,183.67443824056886
2023-12-28,180.3454957102381
2023-12-29,179.23585023805626
2024-01-01,177.76964357285718
2024-01-02,188.05089252643714
2024-01-03,192.08904185879805
2024-01-04,193.2097272196662
2024-01-05,190.3526615462834
2024-01-08,184.49499376653856
2024-01-09,184.01227241489934
2024-01-10,193.54896157317205
2024-01-11,188.78298407697582
2024-01-12,184.4509946989974
2024-01-15,183.3940839875833
2024-01-16,183.39441530309725
2024-01-17,180.2544193337134
2024-01-18,173.07526706870232
2024-01-19,170.4068521114928
2024-01-22,170.6938316733276
2024-01-23,170.78810594799026
2024-01-24,175.4204244373556
2024-01-25,174.1321255443272
2024-01-26,182.87473427315555
2024-01-29,180.47886692880212
2024-01-30,183.45592712537254
2024-01-31,189.1793791952056
2024-02-01,177.89243302978608
2024-02-02,178.95920425284248
2024-02-05,177.66605755155265
2024-02-06,174.57364415125656
2024-02-07,174.0010803504864
2024-02-08,167.7697504286179
2024-02-09,172.00570499137697
2024-02-12,166.8928321696598
2024-02-13,168.14879674311615
2024-02-14,161.5743178213155
2024-02-15,165.20530333123344
2024-02-16,159.33119856969356
2024-02-19,160.22548959593405
2024-02-20,158.6507994843745
2024-02-21,159.73247895405981
2024-02-22,161.7474402485496
2024-02-23,162.59093193304548
2024-02-26,157.64413108059986
2024-02-27,153.0246590980108
2024-02-28,155.3190724928546
2024-02-29,156.47296131896866
2024-03-01,148.12069346867585
2024-03-04,155.83108703736715
2024-03-05,156.8851309772038
2024-03-06,156.979750289721
2024-03-07,150.68944065458695
2024-03-08,153.21681533720096
2024-03-11,149.4681026662427
2024-03-12,141.49361016474646
2024-03-13,138.41139353920528
2024-03-14,141.68916502225653
2024-03-15,148.64877593391557
2024-03-18,151.66594577105806
2024-03-19,152.07087193885022
2024-03-20,148.980907176555
2024-03-21,145.857618898543
2024-03-22,146.18112541774065
2024-03-25,147.83187525469938
2024-03-26,147.57061307083686
2024-03-27,148.03840768990662
2024-03-28,151.38443764754442
2024-03-29,153.19507628258245
2024-04-01,158.3906404061222
2024-04-02,160.57153575410925
2024-04-03,160.1354215442795
2024-04-04,160.17519394630517
2024-04-05,155.2689189072444
2024-04-08,151.37447289827966
2024-04-09,154.17605449170017
2024-04-10,159.54517331597503
2024-04-11,161.679104532571
2024-04-12,160.89741741958883
2024-04-15,169.36924167827144
2024-04-16,170.22481399285397
2024-04-17,165.67776248417275
2024-04-18,171.7181628771635
2024-04-19,169.60873706322545
2024-04-22,173.4100063267587
2024-04-23,171.96530320616296
2024-04-24,162.76951816308517
2024-04-25,163.59990723779686
2024-04-26,166.6344481517576
2024-04-29,166.43918871182538
2024-04-30,161.9916850830262
2024-05-01,169.53895429594812
2024-05-02,169.6065182485479
2024-05-03,173.2041507097113
2024-05-06,170.57142017991836
2024-05-07,168.78389558921694
2024-05-08,172.2424306645229
2024-05-09,171.8443809290574
2024-05-10,172.3780632982762
2024-05-13,169.92100585879857
2024-05-14,169.43084942762482
2024-05-15,171.12759251747227
2024-05-16,171.16205906188915
2024-05-17,167.44150934547008
2024-05-20,161.95377139597363
2024-05-21,165.10964140208742
2024-05-22,171.95671983593786
2024-05-23,172.6123620603569
2024-05-24,176.9025942472023
2024-05-27,176.16882723588012
2024-05-28,167.6763437882379
2024-05-29,164.36146396452688
2024-05-30,165.57781848016813
2024-05-31,163.98648872151568
2024-06-03,155.04880868419488
2024-06-04,147.86718779981328
2024-06-05,141.83219983980703
2024-06-06,138.60201293185298
2024-06-07,131.57352659102537
2024-06-10,129.19505390443467
2024-06-11,134.8574396679276
2024-06-12,135.09343013150547
2024-06-13,138.10603839636212
2024-06-14,142.24976182222466
2024-06-17,142.95592782415773
2024-06-18,138.24915140048265
2024-06-19,135.53915300369263
2024-06-20,143.39763284223443
2024-06-21,147.16511626859312
2024-06-24,152.95355297289373
2024-06-25,147.19620673201374
2024-06-26,147.41286486496824
2024-06-27,150.76388187798838
2024-06-28,145.98435474601402
2024-07-01,144.28271798846978
2024-07-02,136.6692079841522
2024-07-03,138.17098201313138
2024-07-04,135.18648439189064
2024-07-05,132.9778686750577
2024-07-08,135.402180392201
2024-07-09,134.58807271214565
2024-07-10,134.21864285474973
2024-07-11,131.06666604537983
2024-07-12,130.27368630493174
2024-07-15,132.7748403555627
2024-07-16,139.49564069811709
2024-07-17,141.46901763877918
2024-07-18,141.51891108936584
2024-07-19,141.3133442234284
2024-07-22,140.82894702677515
2024-07-23,137.93399779149524
2024-07-24,135.90194336685641
2024-07-25,134.59949809182297
2024-07-26,133.971319437899
2024-07-29,132.63807690642366
2024-07-30,136.8369206454469
2024-07-31,135.10721289229474
2024-08-01,132.35797618997137
2024-08-02,126.9956857631202
2024-08-05,128.32245313772242
2024-08-06,126.59881440194734
2024-08-07,120.70963466191071
2024-08-08,122.77636042399949
2024-08-09,121.16289201319871
2024-08-12,120.47038309743056
2024-08-13,118.94713834602699
2024-08-14,116.29006635161208
2024-08-15,115.55252355734001
2024-08-16,113.57544078367931
2024-08-19,114.22630454775421
2024-08-20,117.96891430323713
2024-08-21,116.44620480005418
2024-08-22,119.62314930791246
2024-08-23,119.14961776095721
2024-08-26,118.78509134265738
2024-08-27,119.42532571946272
2024-08-28,113.42714926572044
2024-08-29,120.7405287564187
2024-08-30,125.82014248067007
2024-09-02,121.70131719608335
2024-09-03,124.41003663911752
2024-09-04,129.53622016133602
2024-09-05,131.05934178681346
2024-09-06,130.83777388628127
2024-09-09,133.51265928148257
2024-09-10,141.12011675988126
2024-09-11,134.48344473820384
2024-09-12,132.07837317345675
2024-09-13,124.13519137020246
2024-09-16,124.40264253355654
2024-09-17,120.32032674920667
2024-09-18,118.73899481349764
2024-09-19,119.89648458606604
2024-09-20,121.45439708424536
2024-09-23,126.5709321656561
2024-09-24,135.45409422218376
2024-09-25,133.3067347781218
2024-09-26,139.45966860118565
2024-09-27,136.49852061582027
2024-09-30,133.547514991031
2024-10-01,134.53200693077704
2024-10-02,143.1365038703057
2024-10-03,146.51134868564543
2024-10-04,149.01475479624412
2024-10-07,151.68665745971904
2024-10-08,148.42494277036158
2024-10-09,146.59879976746655
2024-10-10,147.36759169737726
2024-10-11,143.1817941863203
2024-10-14,133.53801080670246
2024-10-15,133.40621909569592
2024-10-16,140.53220233922724
2024-10-17,137.3998941503873
2024-10-18,129.24366462617243
2024-10-21,130.94551904812013
2024-10-22,135.38583664711524
2024-10-23,131.13926658279013
2024-10-24,128.22411943606656
2024-10-25,125.9114997782186
2024-10-28,121.08635099559076
2024-10-29,117.73467315202919
2024-10-30,117.13168514535558
2024-10-31,117.46620155367496
2024-11-01,116.12225820264572
2024-11-04,117.58587851615913
2024-11-05,113.335136244556
2024-11-06,115.40211370189263
2024-11-07,117.50075687717333
2024-11-08,119.02479722277852
2024-11-11,120.86151995881004
2024-11-12,124.98132889491042
2024-11-13,129.49300534160804
2024-11-14,129.16412589021172
2024-11-15,130.5915887203406
2024-11-18,130.18088803459395
2024-11-19,128.81539484374227
2024-11-20,126.38690472851572
2024-11-21,131.2267777678519
2024-11-22,130.10702886647144
2024-11-25,125.13201569819891
2024-11-26,126.59375134302535
2024-11-27,124.59781764931658
2024-11-28,128.30859652276254
2024-11-29,123.81228382076182
2024-12-02,126.24615107328712
2024-12-03,129.23204585896454
2024-12-04,127.3374778220034
2024-12-05,122.30158321292836
2024-12-06,121.26322089221513
2024-12-09,118.35096027617548
2024-12-10,118.76517935346776
2024-12-11,114.7169147189336
2024-12-12,112.5372831854302
2024-12-13,111.1333389758133
2024-12-16,107.58981203877877
2024-12-17,106.45797048294509
2024-12-18,107.45685369557165
2024-12-19,103.7342304427924
2024-12-20,106.5748546111477
2024-12-23,105.39656839246302
2024-12-24,103.17967070381886
2024-12-25,101.11773827016484
2024-12-26,108.21224705929039
2024-12-27,111.35389292884935
2024-12-30,109.90217494107434
2024-12-31,110.78088087312021
