Date,GILD
2020-01-01,87.37957469291764
2020-01-02,86.76052111263377
2020-01-03,87.51982457353304
2020-01-06,85.64110364166906
2020-01-07,82.56995100619767
2020-01-08,84.24130301334208
2020-01-09,86.07914977137888
2020-01-10,85.09600468556616
2020-01-13,81.13625180364615
2020-01-14,84.57149114062594
2020-01-15,84.28010216586897
2020-01-16,84.56599926311921
2020-01-17,81.34564265803738
2020-01-20,80.89911871464426
2020-01-21,81.52074453163556
2020-01-22,85.1208628803358
2020-01-23,84.94995899278268
2020-01-24,86.3045594824779
2020-01-27,88.14581497089509
2020-01-28,89.97536038997963
2020-01-29,91.73760438002776
2020-01-30,91.15923255084284
2020-01-31,89.47158409030048
2020-02-03,89.46526618775276
2020-02-04,90.0127718252653
2020-02-05,86.84192232229861
2020-02-06,87.75016845527468
2020-02-07,84.24318219581305
2020-02-10,86.21682727966876
2020-02-11,88.54663469542113
2020-02-12,92.67513922216098
2020-02-13,92.14283572073722
2020-02-14,92.39998267031997
2020-02-17,94.47730464201015
2020-02-18,91.68114225162766
2020-02-19,92.58442381755185
2020-02-20,91.69748944372178
2020-02-21,94.6173661857406
2020-02-24,96.08530075081325
2020-02-25,91.77058885906052
2020-02-26,90.57289151928758
2020-02-27,89.22853063324537
2020-02-28,87.66103165902423
2020-03-02,90.08428165795041
2020-03-03,84.64208332260945
2020-03-04,84.67291949556486
2020-03-05,85.65058240945092
2020-03-06,88.67754089730902
2020-03-09,88.49687572754117
2020-03-10,86.27802172450332
2020-03-11,86.01585632859337
2020-03-12,88.60190723827155
2020-03-13,89.89165033022877
2020-03-16,86.76480976557603
2020-03-17,84.91705820415415
2020-03-18,84.48633883876515
2020-03-19,85.382206194235
2020-03-20,88.75657094146695
2020-03-23,91.83041737831182
2020-03-24,89.40393040481004
2020-03-25,90.22874180772153
2020-03-26,92.89022335145735
2020-03-27,90.91742869993485
2020-03-30,88.91000790714719
2020-03-31,91.84423494197809
2020-04-01,93.11570813278043
2020-04-02,88.58954482516586
2020-04-03,87.75170275235344
2020-04-06,88.4115560448359
2020-04-07,90.57278747952378
2020-04-08,88.8655822746682
2020-04-09,90.55654308726105
2020-04-10,91.04577591928908
2020-04-13,92.85078564488688
2020-04-14,93.61350752043037
2020-04-15,97.25195905279811
2020-04-16,98.70496611965756
2020-04-17,96.0939159696034
2020-04-20,93.55049782307141
2020-04-21,90.6564381710822
2020-04-22,88.28890879545258
2020-04-23,90.3245420555159
2020-04-24,91.9153482296618
2020-04-27,96.63383359504998
2020-04-28,96.39811305717723
2020-04-29,97.58718056168372
2020-04-30,94.46222496736193
2020-05-01,94.55212630983361
2020-05-04,97.90495300065425
2020-05-05,98.3643238092311
2020-05-06,93.06145743535942
2020-05-07,91.25831397568432
2020-05-08,91.96265910117731
2020-05-11,87.88675109343458
2020-05-12,90.47663659547811
2020-05-13,90.66250275067503
2020-05-14,92.65903634447956
2020-05-15,90.0046541200304
2020-05-18,90.87037071969166
2020-05-19,93.94090231847073
2020-05-20,90.80251777839054
2020-05-21,85.23956675999332
2020-05-22,83.32571393217006
2020-05-25,82.52647311798066
2020-05-26,79.17827381428941
2020-05-27,78.41651629041903
2020-05-28,76.71519809988092
2020-05-29,75.20791077894754
2020-06-01,73.03449509702246
2020-06-02,75.15082313305304
2020-06-03,71.80806852150013
2020-06-04,74.54971759411909
2020-06-05,76.46422870341657
2020-06-08,79.16859296651603
2020-06-09,78.97416631694331
2020-06-10,81.61201751564943
2020-06-11,79.0693927690079
2020-06-12,79.23264011811231
2020-06-15,83.8007631128292
2020-06-16,84.38529730847428
2020-06-17,87.45010950402012
2020-06-18,87.03524963565093
2020-06-19,87.8817460724153
2020-06-22,87.23664931723755
2020-06-23,83.9933592117384
2020-06-24,82.29465269428147
2020-06-25,81.04085474822969
2020-06-26,79.99783341917683
2020-06-29,78.24972334826198
2020-06-30,75.80251250420918
2020-07-01,76.91842768678615
2020-07-02,80.67154852779612
2020-07-03,82.97538760938173
2020-07-06,86.91337330590484
2020-07-07,88.81995965272617
2020-07-08,86.18901805245056
2020-07-09,88.55831250364211
2020-07-10,87.93450967406626
2020-07-13,84.1968332731588
2020-07-14,86.28355064686673
2020-07-15,86.8884940950373
2020-07-16,86.17048832490225
2020-07-17,84.82562349768149
2020-07-20,85.20540467882273
2020-07-21,85.40803240206056
2020-07-22,88.84960960603408
2020-07-23,89.31299802426628
2020-07-24,89.16145602601652
2020-07-27,87.73951831420342
2020-07-28,88.07767393432505
2020-07-29,92.3921985090011
2020-07-30,88.4275966864629
2020-07-31,88.40561661206804
2020-08-03,92.86853120317899
2020-08-04,91.26997902187391
2020-08-05,89.11899575869043
2020-08-06,90.20385386488422
2020-08-07,91.92850284103638
2020-08-10,92.50465409804536
2020-08-11,91.60087830350228
2020-08-12,92.9838362851458
2020-08-13,92.1057279492253
2020-08-14,94.24863059439467
2020-08-17,91.76944731540287
2020-08-18,89.11435517916215
2020-08-19,88.71622683199858
2020-08-20,90.15881800856042
2020-08-21,86.9348389740023
2020-08-24,85.1584559877924
2020-08-25,83.43939254223709
2020-08-26,84.5222273036978
2020-08-27,88.51039498637155
2020-08-28,88.69202763758513
2020-08-31,93.55036364572177
2020-09-01,87.69968580191922
2020-09-02,85.23689943578889
2020-09-03,82.27391343491018
2020-09-04,80.05715427924224
2020-09-07,79.3008410101589
2020-09-08,76.63790080166272
2020-09-09,76.70426666861945
2020-09-10,74.51254342639689
2020-09-11,72.55024704218077
2020-09-14,76.18390568454667
2020-09-15,73.60579674861143
2020-09-16,75.6672857881977
2020-09-17,73.73947415191208
2020-09-18,74.94104935749101
2020-09-21,73.1286636158047
2020-09-22,71.69216881481361
2020-09-23,72.75481121833046
2020-09-24,73.68534964426968
2020-09-25,73.99316244491003
2020-09-28,78.30818425619846
2020-09-29,78.38041972232838
2020-09-30,78.83264048937632
2020-10-01,79.1803512486873
2020-10-02,82.28031151854557
2020-10-05,84.21498902766176
2020-10-06,85.3089012882024
2020-10-07,82.55013926232616
2020-10-08,84.29515559997257
2020-10-09,82.79144923314418
2020-10-12,81.52463042743682
2020-10-13,80.15359475192567
2020-10-14,82.03669157827149
2020-10-15,82.551681191676
2020-10-16,81.24048449281807
2020-10-19,80.42049481337452
2020-10-20,77.95485756037749
2020-10-21,77.13408545796808
2020-10-22,78.09180775646455
2020-10-23,82.18837581003275
2020-10-26,86.50778411984493
2020-10-27,86.9906288809985
2020-10-28,84.20673510695235
2020-10-29,84.43601996119352
2020-10-30,84.41223736854602
2020-11-02,86.45334496071706
2020-11-03,85.89824629840778
2020-11-04,83.73270180909319
2020-11-05,84.21010480157484
2020-11-06,87.4519090008829
2020-11-09,90.8525075520023
2020-11-10,94.03477966566683
2020-11-11,93.82128820396692
2020-11-12,92.61796572351142
2020-11-13,94.05132936271242
2020-11-16,92.91691992648707
2020-11-17,91.11744319396263
2020-11-18,91.06057920364621
2020-11-19,90.27995117905833
2020-11-20,92.17111802077683
2020-11-23,92.29788259878532
2020-11-24,92.03391306596073
2020-11-25,91.23326185881078
2020-11-26,87.70058518405563
2020-11-27,87.0920843038532
2020-11-30,83.81354525079396
2020-12-01,85.52643633482371
2020-12-02,85.13032685136781
2020-12-03,87.38226199062768
2020-12-04,87.00020813495841
2020-12-07,91.98798574186957
2020-12-08,88.2441723097743
2020-12-09,85.71104571339374
2020-12-10,87.64198230049664
2020-12-11,87.54535524487753
2020-12-14,85.201553140975
2020-12-15,86.39344408825418
2020-12-16,81.97615700599783
2020-12-17,79.03919637657066
2020-12-18,78.60516044232787
2020-12-21,79.37018770826877
2020-12-22,78.06624541913435
2020-12-23,74.59906577451055
2020-12-24,76.24105188796723
2020-12-25,76.9457283950225
2020-12-28,78.41061743853562
2020-12-29,75.54284647745973
2020-12-30,77.03480362820342
2020-12-31,75.84166447706632
2021-01-01,75.5254035904528
2021-01-04,76.88296476029493
2021-01-05,76.73857319032248
2021-01-06,80.7249773598101
2021-01-07,82.8565717906092
2021-01-08,80.61454012993237
2021-01-11,80.74802989997829
2021-01-12,84.60143130084795
2021-01-13,82.33091977512821
2021-01-14,84.02745738433701
2021-01-15,85.68049011921707
2021-01-18,87.04587232728073
2021-01-19,86.41455098794374
2021-01-20,84.86384541303583
2021-01-21,88.28525100022685
2021-01-22,92.66471098939165
2021-01-25,95.93240103463319
2021-01-26,97.55937131427886
2021-01-27,102.31630545280261
2021-01-28,100.3816241578071
2021-01-29,100.89431793577509
2021-02-01,99.64109712232026
2021-02-02,98.53467112777867
2021-02-03,97.46435524980514
2021-02-04,98.2318720917009
2021-02-05,98.12935405130216
2021-02-08,98.70041145523065
2021-02-09,98.75558895650981
2021-02-10,101.53749280995187
2021-02-11,101.27632835073092
2021-02-12,103.15006952016076
2021-02-15,107.04140646349201
2021-02-16,107.82191228222305
2021-02-17,109.31234072405265
2021-02-18,110.81924070855153
2021-02-19,108.74555231791261
2021-02-22,107.43793004382766
2021-02-23,109.73996232151227
2021-02-24,104.7636329308676
2021-02-25,101.94252980793387
2021-02-26,97.95259848608097
2021-03-01,98.38401201374865
2021-03-02,98.59712657851524
2021-03-03,100.4908290327864
2021-03-04,100.60603844147049
2021-03-05,106.12813925558332
2021-03-08,106.2314190753425
2021-03-09,108.00008850962227
2021-03-10,106.86919802976291
2021-03-11,107.80870383811487
2021-03-12,104.59109765299448
2021-03-15,100.58256766828165
2021-03-16,100.5143963698552
2021-03-17,101.31049616934973
2021-03-18,101.46316329270176
2021-03-19,104.24850244964169
2021-03-22,105.71178906284017
2021-03-23,104.79861536536589
2021-03-24,108.30283976335308
2021-03-25,102.34939849414019
2021-03-26,105.54068270138924
2021-03-29,102.13717101716965
2021-03-30,100.21656844061653
2021-03-31,100.5254712620752
2021-04-01,101.52180983838971
2021-04-02,101.25217917862862
2021-04-05,98.56866358381009
2021-04-06,103.21230598340738
2021-04-07,104.39194626406847
2021-04-08,99.95859851543473
2021-04-09,99.69496604544203
2021-04-12,95.6389629177824
2021-04-13,98.1986790423883
2021-04-14,98.48109592090793
2021-04-15,99.93570553016704
2021-04-16,97.91070643179962
2021-04-19,92.76119258587364
2021-04-20,91.91974296092128
2021-04-21,95.44724663217221
2021-04-22,96.25247619428127
2021-04-23,97.46783249610058
2021-04-26,97.06978023857545
2021-04-27,101.29996085385939
2021-04-28,102.44060775663216
2021-04-29,98.99919878951002
2021-04-30,100.16163354741632
2021-05-03,99.57728581599979
2021-05-04,102.99580825816565
2021-05-05,105.43258331109183
2021-05-06,106.63606007272213
2021-05-07,110.14328380177929
2021-05-10,111.32012998367045
2021-05-11,118.04184417986058
2021-05-12,122.85194386514404
2021-05-13,122.66570950268212
2021-05-14,128.47648214725157
2021-05-17,125.59943792160294
2021-05-18,121.51654524111699
2021-05-19,118.46768436157667
2021-05-20,119.76286350690206
2021-05-21,120.72471200570074
2021-05-24,122.35052155432923
2021-05-25,119.5185063519805
2021-05-26,121.11687497602861
2021-05-27,124.53209748649647
2021-05-28,124.14436445840852
2021-05-31,123.0852492678501
2021-06-01,124.4033258327874
2021-06-02,121.25793230284363
2021-06-03,118.42062331498944
2021-06-04,124.19601846415785
2021-06-07,135.22553817923682
2021-06-08,133.2029762530741
2021-06-09,132.74294940481897
2021-06-10,130.03196871345506
2021-06-11,131.26143244565634
2021-06-14,132.78688821628958
2021-06-15,131.226452325884
2021-06-16,130.17146319827987
2021-06-17,130.1938481661318
2021-06-18,127.74705691951958
2021-06-21,120.67236833896911
2021-06-22,122.25550502622691
2021-06-23,117.53166202090281
2021-06-24,114.87660773576604
2021-06-25,112.29559160682264
2021-06-28,112.98084879850117
2021-06-29,115.44816555775274
2021-06-30,111.34272309624073
2021-07-01,109.33012624779589
2021-07-02,110.28919497990705
2021-07-05,113.25968507227087
2021-07-06,115.51626394039032
2021-07-07,111.95969115590277
2021-07-08,114.17757909662397
2021-07-09,113.28624102179015
2021-07-12,113.91793792125844
2021-07-13,110.86821660143237
2021-07-14,111.1158337148484
2021-07-15,110.71301658137445
2021-07-16,112.45902472335415
2021-07-19,117.51119850108644
2021-07-20,114.10483042089946
2021-07-21,109.74159928449923
2021-07-22,109.05963210463132
2021-07-23,111.57858865894521
2021-07-26,114.16022756895434
2021-07-27,116.36785980611963
2021-07-28,113.30561476664498
2021-07-29,106.06748733628952
2021-07-30,106.39467741830764
2021-08-02,105.95655147937184
2021-08-03,107.58159984623882
2021-08-04,104.55877328856255
2021-08-05,99.81892128038666
2021-08-06,103.05090296904557
2021-08-09,101.67579667987857
2021-08-10,100.43883547958676
2021-08-11,99.92825822635503
2021-08-12,101.17471662757681
2021-08-13,105.22372534097742
2021-08-16,107.96254817601316
2021-08-17,108.95990275474023
2021-08-18,108.79979457870675
2021-08-19,107.74780311295908
2021-08-20,104.54948959446729
2021-08-23,102.49625454519027
2021-08-24,104.29772472882058
2021-08-25,103.55454529109832
2021-08-26,104.71200879798799
2021-08-27,105.12645099532857
2021-08-30,106.39333768313779
2021-08-31,107.13197493217108
2021-09-01,112.43982011618048
2021-09-02,114.15571510462175
2021-09-03,117.35454279075492
2021-09-06,115.06208766919465
2021-09-07,114.9292804603832
2021-09-08,113.78048009680325
2021-09-09,114.3571502433075
2021-09-10,117.61978872581571
2021-09-13,114.17330266320242
2021-09-14,112.78964810557402
2021-09-15,109.01923426612474
2021-09-16,105.45045855082611
2021-09-17,98.67740588776421
2021-09-20,99.13887330127497
2021-09-21,93.09112460259686
2021-09-22,91.67089531312462
2021-09-23,95.07994475178866
2021-09-24,99.6799357663044
2021-09-27,103.36507245323841
2021-09-28,104.9074318684454
2021-09-29,103.54735928045682
2021-09-30,103.88174079753608
2021-10-01,98.82081592767281
2021-10-04,97.40133935711943
2021-10-05,100.29438020900746
2021-10-06,96.978544670317
2021-10-07,97.98051503998234
2021-10-08,99.13144870069311
2021-10-11,101.23414265423244
2021-10-12,106.30135247060679
2021-10-13,107.73695891753172
2021-10-14,112.03830035503609
2021-10-15,115.02959607932088
2021-10-18,112.7538491132519
2021-10-19,109.06598323943382
2021-10-20,110.64728084041043
2021-10-21,109.16188426182883
2021-10-22,107.17836273647188
2021-10-25,106.67980983133525
2021-10-26,109.75709659295579
2021-10-27,107.86882673178837
2021-10-28,113.52350549076878
2021-10-29,115.08130050330352
2021-11-01,115.15435144660462
2021-11-02,113.2792029760877
2021-11-03,113.1461213637867
2021-11-04,110.78975018847491
2021-11-05,110.1596952503962
2021-11-08,109.17997268219243
2021-11-09,113.79027409822574
2021-11-10,115.04161974773596
2021-11-11,115.7143200917153
2021-11-12,111.76370808600575
2021-11-15,118.21112505417432
2021-11-16,115.34408089231253
2021-11-17,115.80532802226861
2021-11-18,116.29626214582196
2021-11-19,113.22369686696982
2021-11-22,114.31188499578202
2021-11-23,110.75197664807247
2021-11-24,108.95726059526834
2021-11-25,111.0186575789675
2021-11-26,106.32201828597647
2021-11-29,106.08049431408372
2021-11-30,103.0356845814448
2021-12-01,107.15112409478895
2021-12-02,111.22248547796985
2021-12-03,106.81801419701013
2021-12-06,107.83611989304588
2021-12-07,105.67727671745588
2021-12-08,107.35144642156867
2021-12-09,107.41865587690627
2021-12-10,110.15421860014173
2021-12-13,106.25514404547903
2021-12-14,104.44560528951314
2021-12-15,105.90382814401903
2021-12-16,108.4621434328114
2021-12-17,108.1930614780905
2021-12-20,105.19504966206284
2021-12-21,104.61925604994202
2021-12-22,103.75311142737567
2021-12-23,100.97110312608865
2021-12-24,97.46341206264475
2021-12-27,99.08808206264679
2021-12-28,99.1769710491801
2021-12-29,100.26232903592387
2021-12-30,101.33014221445475
2021-12-31,100.1583966049647
2022-01-03,102.7095500510358
2022-01-04,106.37124020960196
2022-01-05,105.23649680361044
2022-01-06,106.7183399335597
2022-01-07,107.58436008839374
2022-01-10,110.65473201096769
2022-01-11,109.0612697976719
2022-01-12,108.6976781762254
2022-01-13,112.00422820840694
2022-01-14,112.55094005650363
2022-01-17,113.69373810227646
2022-01-18,117.29896663697342
2022-01-19,112.2561530903268
2022-01-20,117.14416137526831
2022-01-21,119.00039380708407
2022-01-24,122.04570955166956
2022-01-25,121.33809353091323
2022-01-26,124.46933734756296
2022-01-27,124.27362811321619
2022-01-28,122.20581888321358
2022-01-31,125.42015590026745
2022-02-01,122.8584871888544
2022-02-02,121.80425262337802
2022-02-03,120.95076865996324
2022-02-04,123.74558290633188
2022-02-07,124.92229875695823
2022-02-08,125.68174419830906
2022-02-09,125.56202778239053
2022-02-10,125.35535519160071
2022-02-11,124.58400391883798
2022-02-14,126.47157011575923
2022-02-15,129.64714872145333
2022-02-16,130.46062323246932
2022-02-17,135.4962838477839
2022-02-18,131.27653185618655
2022-02-21,137.57144566591893
2022-02-22,141.9213057092461
2022-02-23,139.0060694369344
2022-02-24,132.49254252800029
2022-02-25,133.09930775992157
2022-02-28,134.45032507168114
2022-03-01,134.7021048533127
2022-03-02,135.54713339367729
2022-03-03,136.16700208237012
2022-03-04,136.89391436472127
2022-03-07,139.26363049478616
2022-03-08,143.70884805441258
2022-03-09,141.78651177046072
2022-03-10,140.30631504435854
2022-03-11,152.47322792125956
2022-03-14,150.07816604425773
2022-03-15,153.06171830721755
2022-03-16,152.96757011413254
2022-03-17,156.5098244855259
2022-03-18,152.8915894888179
2022-03-21,152.8482100500273
2022-03-22,151.9526352386971
2022-03-23,149.90712009396586
2022-03-24,150.43052756590941
2022-03-25,150.19342502900116
2022-03-28,152.44104477909437
2022-03-29,153.46610536875477
2022-03-30,149.12716452188533
2022-03-31,152.5641462201984
2022-04-01,152.62794093282974
2022-04-04,157.21196775801357
2022-04-05,158.7678699181964
2022-04-06,159.5225512754567
2022-04-07,159.28403512028737
2022-04-08,161.18401257232262
2022-04-11,160.7750671869683
2022-04-12,158.42502609635025
2022-04-13,155.73542885219263
2022-04-14,155.39412060670483
2022-04-15,156.93159447801224
2022-04-18,154.50617248431547
2022-04-19,148.34639042406343
2022-04-20,151.55576282462735
2022-04-21,148.69454131206234
2022-04-22,146.36315755568174
2022-04-25,142.58196232652082
2022-04-26,137.1922178798893
2022-04-27,138.36503402932627
2022-04-28,141.4362697029064
2022-04-29,144.32704366039647
2022-05-02,138.949777375955
2022-05-03,131.8470917721815
2022-05-04,126.47478572443501
2022-05-05,138.1929023219696
2022-05-06,135.58732259690436
2022-05-09,131.75605029172377
2022-05-10,127.39484097802699
2022-05-11,119.15651261851906
2022-05-12,113.59344377089161
2022-05-13,116.48897744426851
2022-05-16,116.92007650696007
2022-05-17,119.48620986812857
2022-05-18,122.77746536611384
2022-05-19,119.14872683830164
2022-05-20,119.5232009800383
2022-05-23,119.33012514580048
2022-05-24,116.1527934848517
2022-05-25,118.23840708911071
2022-05-26,114.55800149866764
2022-05-27,115.08630179468362
2022-05-30,110.41427708616762
2022-05-31,109.75935140055878
2022-06-01,115.0427182888612
2022-06-02,122.18483823749524
2022-06-03,121.88451036242219
2022-06-06,123.19523260279287
2022-06-07,122.55948704261068
2022-06-08,126.26981421977852
2022-06-09,121.08151328804021
2022-06-10,112.06474877259299
2022-06-13,112.75052504054369
2022-06-14,114.69283871060222
2022-06-15,110.09017813052336
2022-06-16,111.32435291137132
2022-06-17,109.73791630687691
2022-06-20,113.84712768321381
2022-06-21,112.71228878837776
2022-06-22,115.00636990850158
2022-06-23,120.10009788303077
2022-06-24,122.8218678221558
2022-06-27,124.38162642221361
2022-06-28,125.80717717920841
2022-06-29,121.93370804171506
2022-06-30,116.00123708482228
2022-07-01,119.79952017297303
2022-07-04,119.41463790194307
2022-07-05,116.63186976902097
2022-07-06,114.75222439108674
2022-07-07,119.99138009600519
2022-07-08,119.87736097169832
2022-07-11,124.034625573825
2022-07-12,130.42327610016753
2022-07-13,136.8364701294151
2022-07-14,143.04609934823668
2022-07-15,148.47170184760358
2022-07-18,139.25669040224346
2022-07-19,140.23393190462804
2022-07-20,143.70629682940876
2022-07-21,143.560822326555
2022-07-22,143.8995908306942
2022-07-25,137.2367351972645
2022-07-26,134.8458971516971
2022-07-27,134.76533712426726
2022-07-28,131.53401034591403
2022-07-29,132.34682871571667
2022-08-01,130.16122070083114
2022-08-02,134.38334833500852
2022-08-03,134.99451086565242
2022-08-04,133.5408551836774
2022-08-05,136.1128181481998
2022-08-08,135.04063942498047
2022-08-09,132.83328476991377
2022-08-10,140.28040289359862
2022-08-11,136.57322772371379
2022-08-12,141.26970364523297
2022-08-15,143.2163177729433
2022-08-16,139.3394928390896
2022-08-17,138.04369242614985
2022-08-18,134.3089566481635
2022-08-19,133.88142986660887
2022-08-22,127.2531831846604
2022-08-23,124.36132826821027
2022-08-24,121.61310737105809
2022-08-25,120.82024417971147
2022-08-26,126.4474200161374
2022-08-29,128.96716830555192
2022-08-30,123.14966461932113
2022-08-31,125.07166143909862
2022-09-01,119.51052795146938
2022-09-02,117.62931701234322
2022-09-05,118.15090734786956
2022-09-06,112.6973193060334
2022-09-07,113.56454354108311
2022-09-08,117.6502569450486
2022-09-09,116.29172268421235
2022-09-12,115.79567311962043
2022-09-13,111.56189755674694
2022-09-14,115.42755929586131
2022-09-15,114.66575147349903
2022-09-16,117.61760514203176
2022-09-19,119.3149209187735
2022-09-20,120.78869126041926
2022-09-21,117.7720444229947
2022-09-22,119.03927537007252
2022-09-23,118.67448146255431
2022-09-26,121.28506018708056
2022-09-27,125.69275288315217
2022-09-28,130.9964247149563
2022-09-29,134.44096803845147
2022-09-30,130.08652441497142
2022-10-03,130.01138872397723
2022-10-04,128.9132521829244
2022-10-05,120.0052381787059
2022-10-06,120.25465537808441
2022-10-07,118.89540305307402
2022-10-10,118.29398950590476
2022-10-11,118.813153691553
2022-10-12,117.26684941696536
2022-10-13,128.51476279306385
2022-10-14,123.08366154641006
2022-10-17,122.0450438168665
2022-10-18,121.33508677052168
2022-10-19,116.96421289930304
2022-10-20,113.84148503517909
2022-10-21,113.17957991738143
2022-10-24,113.54500711828875
2022-10-25,112.38810135640372
2022-10-26,116.16217534754894
2022-10-27,113.29259950156374
2022-10-28,113.1596818007673
2022-10-31,120.70003816254943
2022-11-01,123.6054374753729
2022-11-02,126.54243739605208
2022-11-03,131.43424991641913
2022-11-04,136.35553299692296
2022-11-07,137.26936926127274
2022-11-08,134.35561565263808
2022-11-09,132.1789178759041
2022-11-10,135.57319017596473
2022-11-11,140.69940137254468
2022-11-14,140.4916821701511
2022-11-15,139.01126358804615
2022-11-16,143.22758572632432
2022-11-17,149.00463095903135
2022-11-18,143.63922897236296
2022-11-21,150.10045950902662
2022-11-22,149.41525375882193
2022-11-23,148.84107220439955
2022-11-24,152.36346246692048
2022-11-25,150.71999937377896
2022-11-28,150.3508015279985
2022-11-29,151.83263388025148
2022-11-30,155.61605161376167
2022-12-01,151.83340828880037
2022-12-02,158.29858364340373
2022-12-05,162.29644157232025
2022-12-06,164.060435348877
2022-12-07,163.21476995900892
2022-12-08,166.9438339103079
2022-12-09,166.27448055816907
2022-12-12,166.15619612079652
2022-12-13,162.5002405331734
2022-12-14,167.0297172285816
2022-12-15,168.00394707058558
2022-12-16,166.23455048833475
2022-12-19,172.7636798900323
2022-12-20,183.4759794554311
2022-12-21,178.50774394041457
2022-12-22,172.84151329499494
2022-12-23,174.98832682301546
2022-12-26,179.29724078866502
2022-12-27,182.52177585312143
2022-12-28,175.09241638013913
2022-12-29,175.4546016937929
2022-12-30,164.34247965794788
2023-01-02,160.6196356064606
2023-01-03,154.49169462445167
2023-01-04,154.2558101867124
2023-01-05,153.7395685127708
2023-01-06,154.22114500784485
2023-01-09,148.59305736777745
2023-01-10,149.94016223543875
2023-01-11,153.77188292123776
2023-01-12,157.19613297293716
2023-01-13,159.15079176860863
2023-01-16,157.0622710933402
2023-01-17,160.66418791798048
2023-01-18,157.4150045375352
2023-01-19,169.45912566028798
2023-01-20,165.35514834641748
2023-01-23,168.54310270833528
2023-01-24,168.0333992871785
2023-01-25,173.73511932371233
2023-01-26,174.42313066084986
2023-01-27,180.67578472925626
2023-01-30,175.7865225632978
2023-01-31,179.10032690648328
2023-02-01,174.34381066018335
2023-02-02,178.16011599304503
2023-02-03,175.16432633916702
2023-02-06,167.18563162169957
2023-02-07,160.11312397251282
2023-02-08,159.4916857266084
2023-02-09,154.6812945573472
2023-02-10,155.19130395813283
2023-02-13,156.68189799761927
2023-02-14,154.12090639823444
2023-02-15,158.58205719501302
2023-02-16,164.16486676523928
2023-02-17,162.67360025515273
2023-02-20,165.08156146321153
2023-02-21,165.50162585848352
2023-02-22,166.60080560964767
2023-02-23,165.5730984965017
2023-02-24,166.86128493050984
2023-02-27,170.66257822379217
2023-02-28,171.00391261634962
2023-03-01,167.6026183616147
2023-03-02,167.98080756967843
2023-03-03,169.93941732704045
2023-03-06,167.4685515352705
2023-03-07,165.55240357303498
2023-03-08,169.68807596333556
2023-03-09,164.71120893083062
2023-03-10,162.0685947724013
2023-03-13,165.51325045847642
2023-03-14,165.49201015946178
2023-03-15,164.21282825079786
2023-03-16,163.45557299225885
2023-03-17,167.54739560279882
2023-03-20,168.49822644228095
2023-03-21,172.4993565532138
2023-03-22,167.20181900867223
2023-03-23,169.36042311947
2023-03-24,175.38766304742896
2023-03-27,182.31480738524556
2023-03-28,181.85580354837506
2023-03-29,177.49194562074487
2023-03-30,166.29471037054915
2023-03-31,166.36289206460998
2023-04-03,166.91648690112112
2023-04-04,169.2698758591316
2023-04-05,172.99648267960882
2023-04-06,169.46955855000564
2023-04-07,171.10490755658435
2023-04-10,164.4118861296335
2023-04-11,164.16340108504744
2023-04-12,171.30635891272752
2023-04-13,168.40225710076965
2023-04-14,169.93223312139625
2023-04-17,166.48362244204665
2023-04-18,173.67423684222214
2023-04-19,174.7610889727291
2023-04-20,175.4272791510869
2023-04-21,176.9886301215646
2023-04-24,177.15679744192585
2023-04-25,175.81935845871456
2023-04-26,174.77913468065324
2023-04-27,166.80960589451715
2023-04-28,163.4981596885779
2023-05-01,160.966800247868
2023-05-02,167.17661039731306
2023-05-03,169.22043491577915
2023-05-04,177.12217165386517
2023-05-05,177.57115084573232
2023-05-08,183.47840574798548
2023-05-09,181.70761567873103
2023-05-10,178.9383078165384
2023-05-11,171.74231143117015
2023-05-12,171.28748637652862
2023-05-15,175.57536052685325
2023-05-16,180.295044503148
2023-05-17,174.4033986221257
2023-05-18,172.5295399454025
2023-05-19,173.68004795784606
2023-05-22,173.30681452542655
2023-05-23,173.18332713972478
2023-05-24,168.10129333102995
2023-05-25,173.3379757216635
2023-05-26,171.4123057753095
2023-05-29,170.3074780945661
2023-05-30,170.23114736761795
2023-05-31,176.28135297925093
2023-06-01,174.92710977526352
2023-06-02,173.7559315439202
2023-06-05,172.68827228481908
2023-06-06,174.12107552767785
2023-06-07,175.74286497585334
2023-06-08,176.2869362426346
2023-06-09,176.6974953265952
2023-06-12,178.37152774263552
2023-06-13,178.57237667189685
2023-06-14,179.651756490037
2023-06-15,180.53471452467772
2023-06-16,183.33016908522907
2023-06-19,179.9092161981871
2023-06-20,169.2109212772555
2023-06-21,176.95466065629418
2023-06-22,174.32591129708868
2023-06-23,169.7450159739685
2023-06-26,169.41230362012877
2023-06-27,170.42263925899792
2023-06-28,169.2945801503733
2023-06-29,167.52767478577627
2023-06-30,165.78212864244117
2023-07-03,170.10657560362617
2023-07-04,163.43611778429053
2023-07-05,162.30651219695903
2023-07-06,165.7023577322561
2023-07-07,166.95455115392159
2023-07-10,169.17072096322966
2023-07-11,166.23149491730146
2023-07-12,161.45611717910805
2023-07-13,159.52729262880146
2023-07-14,152.64407176663929
2023-07-17,147.7709756563521
2023-07-18,146.54674631810076
2023-07-19,141.91610772307155
2023-07-20,145.37899367161546
2023-07-21,141.21358926033662
2023-07-24,136.8774038992737
2023-07-25,132.58646891685163
2023-07-26,130.10198540463742
2023-07-27,132.75057956735978
2023-07-28,131.5179119265177
2023-07-31,130.48660012701765
2023-08-01,128.81987453151356
2023-08-02,124.208353323955
2023-08-03,122.73356555750485
2023-08-04,121.19578579924337
2023-08-07,123.30823910121045
2023-08-08,121.79518035538132
2023-08-09,123.60779193878213
2023-08-10,124.58911904002358
2023-08-11,125.76759342569214
2023-08-14,125.62074489079059
2023-08-15,127.03089521722711
2023-08-16,126.4787563473985
2023-08-17,123.50307350885514
2023-08-18,120.53456138166464
2023-08-21,127.05199467283572
2023-08-22,134.2720435792062
2023-08-23,138.05311177257926
2023-08-24,134.38066556064877
2023-08-25,138.83832369030245
2023-08-28,140.31134749528195
2023-08-29,142.7765927230945
2023-08-30,152.05679662907707
2023-08-31,152.7311046161122
2023-09-01,150.47740796944674
2023-09-04,148.66719243485795
2023-09-05,150.18841400850064
2023-09-06,153.20163079480832
2023-09-07,155.77889920539823
2023-09-08,156.1377535282183
2023-09-11,159.95726971936395
2023-09-12,159.0120375627966
2023-09-13,158.87645959578924
2023-09-14,154.59373376179371
2023-09-15,159.62545725997327
2023-09-18,162.20397114624797
2023-09-19,159.8264110887821
2023-09-20,155.5119067925464
2023-09-21,158.61812840881552
2023-09-22,156.73988607571815
2023-09-25,157.28222927330893
2023-09-26,156.98459142747762
2023-09-27,160.77224508335476
2023-09-28,161.0255114065752
2023-09-29,160.3776765828364
2023-10-02,157.6043373932592
2023-10-03,149.7004917110424
2023-10-04,156.6265819562154
2023-10-05,157.22121634493837
2023-10-06,158.1637881291916
2023-10-09,159.0372386287572
2023-10-10,158.86269019590395
2023-10-11,164.8355934657559
2023-10-12,169.84127544434645
2023-10-13,165.31864279819533
2023-10-16,168.5001225215933
2023-10-17,172.41961060978085
2023-10-18,177.29390502998046
2023-10-19,179.38730349604222
2023-10-20,171.37725904136474
2023-10-23,173.13436329027124
2023-10-24,175.56411441218893
2023-10-25,178.96425957162512
2023-10-26,180.9744204807008
2023-10-27,175.6636567061639
2023-10-30,171.05022973287632
2023-10-31,170.53583279565328
2023-11-01,169.79363665714587
2023-11-02,162.93071534826677
2023-11-03,166.39095936388983
2023-11-06,165.90893613744385
2023-11-07,154.96227549881365
2023-11-08,158.8516823006511
2023-11-09,159.52819286067694
2023-11-10,167.50893885723826
2023-11-13,169.4711036575635
2023-11-14,164.86887647008712
2023-11-15,156.39030150096616
2023-11-16,155.54631498028948
2023-11-17,156.84091615111228
2023-11-20,157.64501709641382
2023-11-21,170.23118002569035
2023-11-22,170.60884532013958
2023-11-23,174.22965462071744
2023-11-24,162.31873473404522
2023-11-27,160.30884941522956
2023-11-28,159.16612495374986
2023-11-29,158.3410723923902
2023-11-30,156.90692710860503
2023-12-01,161.98034808913744
2023-12-04,156.10967879496286
2023-12-05,150.77844155890034
2023-12-06,149.58784672241455
2023-12-07,154.76341253925824
2023-12-08,156.68468040195296
2023-12-11,154.73924231805358
2023-12-12,158.8841086213958
2023-12-13,156.07574468308167
2023-12-14,155.36619896962623
2023-12-15,157.57003733974287
2023-12-18,165.27729307502017
2023-12-19,159.5966777055016
2023-12-20,161.39136967188847
2023-12-21,154.0032874541951
2023-12-22,150.487620379921
2023-12-25,151.2006310816781
2023-12-26,153.36757608328614
2023-12-27,149.29304537409686
2023-12-28,142.65162416150045
2023-12-29,144.2797797976791
2024-01-01,140.6604421614255
2024-01-02,141.1797411383875
2024-01-03,141.57465263358458
2024-01-04,139.16897379422608
2024-01-05,136.02272938432637
2024-01-08,138.42483406533916
2024-01-09,137.2966603818182
2024-01-10,135.86522503976104
2024-01-11,130.82677092030113
2024-01-12,133.8498044086112
2024-01-15,126.39822408746166
2024-01-16,122.5914930174217
2024-01-17,117.65078261201512
2024-01-18,119.69285807630185
2024-01-19,121.85308250695958
2024-01-22,121.04327440393733
2024-01-23,120.9634173765723
2024-01-24,127.84412458191065
2024-01-25,126.57838515806603
2024-01-26,129.7942470775174
2024-01-29,130.8308449275958
2024-01-30,126.45911491987995
2024-01-31,130.28843781697776
2024-02-01,136.32997149159843
2024-02-02,133.42753698507107
2024-02-05,128.9227439467082
2024-02-06,127.38672472227111
2024-02-07,128.43937569755633
2024-02-08,126.38270227302723
2024-02-09,127.09861227712908
2024-02-12,120.53287195225785
2024-02-13,121.70024454759246
2024-02-14,120.76150962185034
2024-02-15,121.6102145035604
2024-02-16,124.56054584523176
2024-02-19,121.23630266900173
2024-02-20,118.56768455005977
2024-02-21,125.15298233024777
2024-02-22,127.97469049655493
2024-02-23,123.95578220740472
2024-02-26,125.61171413023752
2024-02-27,128.0212580403776
2024-02-28,131.23707569517893
2024-02-29,134.10936187650537
2024-03-01,148.37104019803223
2024-03-04,146.20368674691764
2024-03-05,149.99853583274225
2024-03-06,148.9678216583455
2024-03-07,144.99341459197723
2024-03-08,145.38628417763732
2024-03-11,145.89951208916185
2024-03-12,147.73361186123395
2024-03-13,148.44365829965386
2024-03-14,148.6082796512335
2024-03-15,143.54180838095823
2024-03-18,139.75617349663065
2024-03-19,143.60230682712472
2024-03-20,148.29243369817922
2024-03-21,150.09558346101028
2024-03-22,148.55455758159457
2024-03-25,144.5995822215215
2024-03-26,144.04712458553627
2024-03-27,145.2127678138651
2024-03-28,143.7843175328844
2024-03-29,148.6040973372254
2024-04-01,142.78119911307604
2024-04-02,139.35494376397094
2024-04-03,140.3967293689811
2024-04-04,138.04507078544003
2024-04-05,131.30162301948516
2024-04-08,139.1490814242326
2024-04-09,141.50981269940243
2024-04-10,137.40090512057802
2024-04-11,133.40936763437975
2024-04-12,135.35121919450248
2024-04-15,137.54705273778157
2024-04-16,145.10476873718474
2024-04-17,145.63881270855805
2024-04-18,147.09982426738154
2024-04-19,150.07248085034928
2024-04-22,144.90764841003204
2024-04-23,150.15644771688588
2024-04-24,151.6319280579926
2024-04-25,149.43952824040073
2024-04-26,146.94546498363908
2024-04-29,146.12765385854405
2024-04-30,147.52704851027084
2024-05-01,148.22214808271198
2024-05-02,152.47481690290488
2024-05-03,151.83272537961878
2024-05-06,156.24777568698946
2024-05-07,156.87957613200223
2024-05-08,155.74668229137475
2024-05-09,153.72929895551923
2024-05-10,148.3204715957582
2024-05-13,141.21684533367056
2024-05-14,141.93157746249128
2024-05-15,147.67212328718423
2024-05-16,145.76470125256745
2024-05-17,145.572418953507
2024-05-20,151.2725543273387
2024-05-21,159.6746149790253
2024-05-22,158.93183409507955
2024-05-23,163.75318093709018
2024-05-24,164.09221257309514
2024-05-27,169.54580565948086
2024-05-28,172.94827635792353
2024-05-29,174.00012653364055
2024-05-30,180.17332839570136
2024-05-31,186.61643241628673
2024-06-03,193.69413496346326
2024-06-04,186.9274565826426
2024-06-05,182.08836781361273
2024-06-06,173.37239734744924
2024-06-07,178.15709830430907
2024-06-10,180.3103215067133
2024-06-11,184.41955182534468
2024-06-12,184.29748975038996
2024-06-13,178.44263447292406
2024-06-14,179.3390117764614
2024-06-17,191.1296122596833
2024-06-18,186.4596907085596
2024-06-19,189.37310245999237
2024-06-20,192.56361105050755
2024-06-21,193.41292943496356
2024-06-24,191.31942162464026
2024-06-25,195.52116821130542
2024-06-26,201.60486016776738
2024-06-27,196.362079759434
2024-06-28,201.23909924234985
2024-07-01,196.98085402484807
2024-07-02,189.76331221987678
2024-07-03,191.08830870817778
2024-07-04,192.08525693772614
2024-07-05,197.0990341088725
2024-07-08,202.69374385961004
2024-07-09,199.39816978659712
2024-07-10,197.21593805301367
2024-07-11,192.08609124464678
2024-07-12,201.0800806975223
2024-07-15,198.47783776102705
2024-07-16,199.5662720328289
2024-07-17,203.24075027943115
2024-07-18,200.61969427202138
2024-07-19,199.59431737096895
2024-07-22,195.71162354999515
2024-07-23,190.74356178075766
2024-07-24,189.8815387155718
2024-07-25,194.91902351665198
2024-07-26,190.41421848092588
2024-07-29,195.66106253732778
2024-07-30,186.14158172998552
2024-07-31,188.60646568433256
2024-08-01,192.5967475425916
2024-08-02,196.5315443753136
2024-08-05,197.26008409272742
2024-08-06,192.74513382665512
2024-08-07,193.08815932766498
2024-08-08,188.4331171722966
2024-08-09,194.4573086818511
2024-08-12,198.75664621472157
2024-08-13,195.08377730620396
2024-08-14,194.0991536799175
2024-08-15,193.93818829383835
2024-08-16,194.13210991029362
2024-08-19,197.03741766267376
2024-08-20,201.74699850208887
2024-08-21,194.80010209090187
2024-08-22,179.07254165901574
2024-08-23,171.35338563336637
2024-08-26,174.85340356966157
2024-08-27,169.82379072963604
2024-08-28,174.94553017082092
2024-08-29,167.70631334932082
2024-08-30,180.53729103073985
2024-09-02,182.99960996012823
2024-09-03,181.168215320425
2024-09-04,177.33374817183392
2024-09-05,179.50315988999583
2024-09-06,177.0733985909056
2024-09-09,180.30737931687727
2024-09-10,180.97586949263297
2024-09-11,181.8803205425637
2024-09-12,182.14555750011937
2024-09-13,188.65087441686074
2024-09-16,184.42068299723482
2024-09-17,189.24049079938519
2024-09-18,184.22066033827662
2024-09-19,174.96769009244642
2024-09-20,179.2969677832323
2024-09-23,174.98548358452368
2024-09-24,177.59420687514407
2024-09-25,177.02015274061995
2024-09-26,171.07969092631973
2024-09-27,177.42002496554244
2024-09-30,178.31962584401424
2024-10-01,176.03288865281414
2024-10-02,183.52022886506734
2024-10-03,184.40489573591745
2024-10-04,185.19375498798973
2024-10-07,187.7180231166001
2024-10-08,189.40429043954003
2024-10-09,195.47283615813885
2024-10-10,196.36725679552885
2024-10-11,190.2802982420803
2024-10-14,187.75470833337187
2024-10-15,180.40686893222477
2024-10-16,178.65286956516226
2024-10-17,182.6070650951963
2024-10-18,184.08893437225865
2024-10-21,189.13179592128662
2024-10-22,186.23293651843542
2024-10-23,189.85815473761863
2024-10-24,192.39100939193543
2024-10-25,192.62646299235578
2024-10-28,179.19521779826786
2024-10-29,181.96587138806757
2024-10-30,188.66173518312235
2024-10-31,182.47478139010454
2024-11-01,179.10871646161522
2024-11-04,177.8155292243698
2024-11-05,175.23215297149903
2024-11-06,172.84272513966548
2024-11-07,179.21406003161735
2024-11-08,185.95959644680323
2024-11-11,184.70768376600924
2024-11-12,181.01881104426982
2024-11-13,178.23954533175177
2024-11-14,172.74847897444673
2024-11-15,177.04209628753836
2024-11-18,176.40094189078943
2024-11-19,187.3697704889307
2024-11-20,182.18257771343428
2024-11-21,194.45069241869913
2024-11-22,205.79323736949365
2024-11-25,205.6896537963455
2024-11-26,205.02260177611223
2024-11-27,198.45487239938058
2024-11-28,198.38836937217388
2024-11-29,193.50969672933988
2024-12-02,198.9527573938022
2024-12-03,210.5736927889879
2024-12-04,206.91896064183885
2024-12-05,203.05354471709884
2024-12-06,203.7888249593847
2024-12-09,208.33389670646932
2024-12-10,211.52820364704382
2024-12-11,209.81254480499103
2024-12-12,205.2630748723532
2024-12-13,211.45341197687438
2024-12-16,208.26266877110606
2024-12-17,209.9727142839612
2024-12-18,207.06614187538437
2024-12-19,202.91219651726237
2024-12-20,202.0291502743072
2024-12-23,200.87230510378242
2024-12-24,190.9387465800044
2024-12-25,196.287231941249
2024-12-26,190.89767045959303
2024-12-27,188.1111782036957
2024-12-30,196.15641459901227
2024-12-31,192.4454409914461
