Date,JPM
2020-01-01,79.37724460690329
2020-01-02,79.67007758895504
2020-01-03,78.36348438992479
2020-01-06,78.6678374323362
2020-01-07,75.85214297990511
2020-01-08,76.51400066094739
2020-01-09,74.53129661798705
2020-01-10,70.92374988783229
2020-01-13,72.65644102784394
2020-01-14,72.50972737799735
2020-01-15,70.7288850836755
2020-01-16,70.03885438481856
2020-01-17,70.11000987439328
2020-01-20,70.68379805875752
2020-01-21,70.31060109821514
2020-01-22,70.33509947005678
2020-01-23,70.43216889176577
2020-01-24,69.84980434864646
2020-01-27,68.96459581268469
2020-01-28,68.91961598948768
2020-01-29,67.68979833235635
2020-01-30,68.32211248812652
2020-01-31,68.99441096967827
2020-02-03,69.58930143244957
2020-02-04,68.28258152867103
2020-02-05,67.89507770390387
2020-02-06,68.17902257508706
2020-02-07,68.94200953289777
2020-02-10,69.66233839825263
2020-02-11,68.48998973011064
2020-02-12,67.16189969740738
2020-02-13,67.74264028192567
2020-02-14,69.05270094002154
2020-02-17,68.8041250772115
2020-02-18,69.46646808585149
2020-02-19,72.16292997708427
2020-02-20,72.21083876336535
2020-02-21,71.60160422243109
2020-02-24,72.10417301048248
2020-02-25,71.86657303284453
2020-02-26,72.74170117354822
2020-02-27,69.36161146091798
2020-02-28,69.56466707635802
2020-03-02,67.96063643312509
2020-03-03,66.26303732322928
2020-03-04,65.1576741427975
2020-03-05,65.65000906520173
2020-03-06,65.19239185846577
2020-03-09,65.71371432581476
2020-03-10,65.31992721506214
2020-03-11,65.44334886830956
2020-03-12,64.3078303516897
2020-03-13,63.37107398206185
2020-03-16,64.41380551321463
2020-03-17,64.28128450622219
2020-03-18,65.0774170502984
2020-03-19,66.98317575087151
2020-03-20,69.32044003857601
2020-03-23,69.15884458553862
2020-03-24,70.03625559031389
2020-03-25,69.32270583315727
2020-03-26,71.57480584214257
2020-03-27,71.27683852104379
2020-03-30,73.33438701458387
2020-03-31,74.2332241980681
2020-04-01,76.92270895138789
2020-04-02,77.11060429002941
2020-04-03,78.46827940973374
2020-04-06,76.48722307557202
2020-04-07,77.74550991773422
2020-04-08,79.45059234384634
2020-04-09,81.41163263910322
2020-04-10,79.67825707875453
2020-04-13,84.88650445916674
2020-04-14,82.62428504607387
2020-04-15,82.35457757508422
2020-04-16,83.03495653610095
2020-04-17,82.32928432875185
2020-04-20,80.6104726219372
2020-04-21,82.03565205668164
2020-04-22,80.66373860866145
2020-04-23,82.94835034104378
2020-04-24,85.19934142240497
2020-04-27,86.44420344650297
2020-04-28,90.15453534303795
2020-04-29,91.35858238915011
2020-04-30,88.45376928166534
2020-05-01,88.30027728844055
2020-05-04,87.52528204655448
2020-05-05,88.80191214792737
2020-05-06,88.48954515880125
2020-05-07,89.21459856527798
2020-05-08,89.28688318799549
2020-05-11,91.36229531805579
2020-05-12,92.697191616611
2020-05-13,93.68819120980429
2020-05-14,91.34349037170516
2020-05-15,90.85107437903781
2020-05-18,88.72731659216076
2020-05-19,91.92883495747436
2020-05-20,94.88641372402455
2020-05-21,96.71682513026695
2020-05-22,95.38419744717967
2020-05-25,93.0107977490839
2020-05-26,96.04428541784645
2020-05-27,98.06876542692001
2020-05-28,101.29255206426537
2020-05-29,101.26386599553761
2020-06-01,102.24851276717656
2020-06-02,100.65291334214567
2020-06-03,100.80387431833404
2020-06-04,102.0432358179472
2020-06-05,102.47137682455052
2020-06-08,100.43785448357734
2020-06-09,99.70169479949284
2020-06-10,101.89900141083349
2020-06-11,105.02496271869875
2020-06-12,102.25682338526637
2020-06-15,100.33964580201841
2020-06-16,97.52773839374915
2020-06-17,96.7735531149682
2020-06-18,96.1284967012437
2020-06-19,97.11179616260702
2020-06-22,97.45321059470709
2020-06-23,95.82575836039142
2020-06-24,94.00714452983733
2020-06-25,92.85645484351927
2020-06-26,91.95657206746259
2020-06-29,92.79940798638522
2020-06-30,91.87361936757503
2020-07-01,93.12443451858466
2020-07-02,91.92767383406259
2020-07-03,92.37658437272363
2020-07-06,93.40216935858071
2020-07-07,92.89768693147025
2020-07-08,93.12133636627904
2020-07-09,92.93216109767772
2020-07-10,91.03066364885316
2020-07-13,89.16109621478627
2020-07-14,90.11137698619191
2020-07-15,90.00084795572515
2020-07-16,90.79944915924729
2020-07-17,92.76504636458601
2020-07-20,92.62833261019138
2020-07-21,93.03247825647992
2020-07-22,95.12345611901647
2020-07-23,94.42984662579214
2020-07-24,94.60876213241423
2020-07-27,94.80632687134197
2020-07-28,93.82793939327597
2020-07-29,94.59677862931453
2020-07-30,94.73596959682918
2020-07-31,94.76149145697477
2020-08-03,91.95229894739202
2020-08-04,92.17061167204668
2020-08-05,92.70151478188419
2020-08-06,92.57410401852405
2020-08-07,90.54221009393399
2020-08-10,87.49653714926075
2020-08-11,88.21507460311416
2020-08-12,89.76180120953494
2020-08-13,92.57106852501973
2020-08-14,91.60751994199563
2020-08-17,90.40191162837864
2020-08-18,89.40826036254998
2020-08-19,91.6504512149233
2020-08-20,92.74074014131703
2020-08-21,90.86113933307368
2020-08-24,93.80561984389082
2020-08-25,95.99516823341048
2020-08-26,96.52290792374032
2020-08-27,98.17152136691072
2020-08-28,100.92117467042743
2020-08-31,99.24642630942651
2020-09-01,102.5021619521527
2020-09-02,103.70196580314438
2020-09-03,103.03847656564653
2020-09-04,103.3071064644867
2020-09-07,104.1127254485392
2020-09-08,108.39532277991155
2020-09-09,112.21169986155125
2020-09-10,112.27155346799397
2020-09-11,113.55107028691573
2020-09-14,114.7824309769831
2020-09-15,116.49102181022705
2020-09-16,114.7165893217108
2020-09-17,117.98912626240882
2020-09-18,117.93190208155163
2020-09-21,118.2927517412059
2020-09-22,119.00508680827559
2020-09-23,118.27551784385378
2020-09-24,118.18276041454864
2020-09-25,117.49739123912545
2020-09-28,115.69371581943453
2020-09-29,115.55287255652344
2020-09-30,112.70310441364285
2020-10-01,114.32429213380773
2020-10-02,114.495590790423
2020-10-05,118.88244277707018
2020-10-06,120.71261132512716
2020-10-07,119.15611775459652
2020-10-08,120.42018671443351
2020-10-09,119.99237883188988
2020-10-12,116.78531861682124
2020-10-13,119.77745700613991
2020-10-14,120.2121936598896
2020-10-15,121.28436776150889
2020-10-16,121.6811616990664
2020-10-19,121.15450728721738
2020-10-20,115.9980358168976
2020-10-21,112.3666008945798
2020-10-22,113.80464416679004
2020-10-23,113.89146465351135
2020-10-26,116.57062841794563
2020-10-27,116.39439152442164
2020-10-28,118.86083833313837
2020-10-29,116.21655334917074
2020-10-30,117.2159719301343
2020-11-02,116.55357853121309
2020-11-03,118.66133121889503
2020-11-04,120.6319340237045
2020-11-05,117.6100267364788
2020-11-06,111.88431351351788
2020-11-09,110.2459491975824
2020-11-10,113.29126310733551
2020-11-11,115.00826594499951
2020-11-12,114.5167554951731
2020-11-13,110.37654226547376
2020-11-16,109.76881945409481
2020-11-17,105.5081430910973
2020-11-18,102.77879595641394
2020-11-19,100.28122904446204
2020-11-20,99.90751966140279
2020-11-23,100.16134271545623
2020-11-24,100.5098620346119
2020-11-25,96.48879646639577
2020-11-26,95.25295535073701
2020-11-27,94.68037389396618
2020-11-30,94.7532829864384
2020-12-01,95.79905851879343
2020-12-02,96.14854251890263
2020-12-03,96.31638756609765
2020-12-04,96.5007042061524
2020-12-07,95.61739523874796
2020-12-08,99.44265162603662
2020-12-09,95.26325870338097
2020-12-10,94.02186292667007
2020-12-11,96.13956693233013
2020-12-14,96.57807221428304
2020-12-15,99.07260145251287
2020-12-16,97.97820528927348
2020-12-17,100.33733420874691
2020-12-18,99.3690900487575
2020-12-21,97.4747673353482
2020-12-22,96.44233847446021
2020-12-23,96.9851643783583
2020-12-24,95.93377075325617
2020-12-25,95.0286210351822
2020-12-28,94.59797992946231
2020-12-29,94.92567654235823
2020-12-30,94.94008089024784
2020-12-31,95.86194685410085
2021-01-01,95.66079000801071
2021-01-04,99.38561183292931
2021-01-05,102.21588748090868
2021-01-06,100.16159715560872
2021-01-07,99.69590793689076
2021-01-08,100.18577292820757
2021-01-11,103.13676149912463
2021-01-12,104.41898579253679
2021-01-13,106.63607400100412
2021-01-14,107.68763423791435
2021-01-15,110.48892674309702
2021-01-18,111.14310533128807
2021-01-19,110.7453554579346
2021-01-20,110.04562628379335
2021-01-21,109.23334777248718
2021-01-22,111.18988025757137
2021-01-25,111.93441729256811
2021-01-26,108.81740428395811
2021-01-27,108.93700527594568
2021-01-28,112.18043973921371
2021-01-29,113.82106369421653
2021-02-01,113.20553956030085
2021-02-02,114.82817220642916
2021-02-03,116.32882469315871
2021-02-04,120.24233131565232
2021-02-05,116.269487003134
2021-02-08,112.53579679533081
2021-02-09,114.55360743586863
2021-02-10,114.80328590220438
2021-02-11,112.52661354535162
2021-02-12,109.66190784214432
2021-02-15,108.00369776909913
2021-02-16,105.42510567385045
2021-02-17,104.41143391990303
2021-02-18,106.18920005612632
2021-02-19,106.56233034483232
2021-02-22,107.38821069938689
2021-02-23,107.34705396105488
2021-02-24,108.67380960295372
2021-02-25,108.62075396353531
2021-02-26,107.99034207238515
2021-03-01,111.15746125790608
2021-03-02,112.78394944186815
2021-03-03,111.76650454715455
2021-03-04,113.39379850730926
2021-03-05,111.1535801832869
2021-03-08,111.96370607781719
2021-03-09,112.31384788043474
2021-03-10,108.78873060952358
2021-03-11,106.4785182549678
2021-03-12,104.62998977972482
2021-03-15,106.44101874964727
2021-03-16,109.32893297696
2021-03-17,112.73505111878592
2021-03-18,111.54454935148497
2021-03-19,111.29089309721111
2021-03-22,112.5895476681952
2021-03-23,118.75162270968266
2021-03-24,120.76716882964637
2021-03-25,121.97384015916528
2021-03-26,118.40999919732022
2021-03-29,118.76887630268304
2021-03-30,117.18879428821504
2021-03-31,119.73338168370456
2021-04-01,123.61735613386354
2021-04-02,123.10827123187684
2021-04-05,122.86325784000142
2021-04-06,123.47140026873659
2021-04-07,120.9738979598967
2021-04-08,125.78484779342018
2021-04-09,120.90100313599316
2021-04-12,125.10684067575846
2021-04-13,123.59380203599223
2021-04-14,123.16986445263817
2021-04-15,125.58171535649895
2021-04-16,124.3328725867846
2021-04-19,129.05855567053473
2021-04-20,128.53660341667967
2021-04-21,121.66640900494693
2021-04-22,126.36623850123482
2021-04-23,125.10088438208244
2021-04-26,127.46981934596354
2021-04-27,128.02174684569263
2021-04-28,127.10969798545779
2021-04-29,126.50719049170489
2021-04-30,126.39754476265593
2021-05-03,120.59096324126521
2021-05-04,121.81842216237138
2021-05-05,119.58288472529439
2021-05-06,116.7641337631003
2021-05-07,116.38176334457918
2021-05-10,118.21627485843915
2021-05-11,119.25750143783975
2021-05-12,111.3977087243172
2021-05-13,110.532264203489
2021-05-14,112.69257087794345
2021-05-17,111.44108744390667
2021-05-18,111.91780543403938
2021-05-19,115.07410472331328
2021-05-20,110.61327755053081
2021-05-21,110.50644689003853
2021-05-24,116.38287013386199
2021-05-25,118.0736762929189
2021-05-26,114.62917598398455
2021-05-27,120.01746581340036
2021-05-28,122.43347813983277
2021-05-31,127.6361926703854
2021-06-01,130.31934261936627
2021-06-02,131.37821086974114
2021-06-03,125.93144294391189
2021-06-04,127.08046468332094
2021-06-07,127.97641690634916
2021-06-08,131.8013893092124
2021-06-09,130.68412259269914
2021-06-10,129.07263139808157
2021-06-11,131.0365031978467
2021-06-14,133.36475652634383
2021-06-15,131.7691378530442
2021-06-16,129.04183754318282
2021-06-17,134.81088701120711
2021-06-18,135.19562883587062
2021-06-21,134.66124251369337
2021-06-22,136.867829267827
2021-06-23,136.58605930901723
2021-06-24,140.1950002429374
2021-06-25,143.19375898590434
2021-06-28,141.71077407079594
2021-06-29,141.48359945842714
2021-06-30,144.180695050922
2021-07-01,144.7778465708698
2021-07-02,139.18546808106515
2021-07-05,140.32308655544983
2021-07-06,144.20363135122312
2021-07-07,143.1016353845391
2021-07-08,145.53092559817378
2021-07-09,147.84756160549145
2021-07-12,149.32136592912588
2021-07-13,146.2936998556271
2021-07-14,147.4468286720233
2021-07-15,152.22392588881382
2021-07-16,155.53395379165883
2021-07-19,162.26934814892857
2021-07-20,157.7308970606787
2021-07-21,161.2330584242134
2021-07-22,160.06947227037
2021-07-23,163.93075750432075
2021-07-26,161.29165585215415
2021-07-27,161.52130375037834
2021-07-28,159.564456924079
2021-07-29,158.7846780540289
2021-07-30,160.8100439315854
2021-08-02,159.05230708225437
2021-08-03,156.67223656338805
2021-08-04,151.06067457573022
2021-08-05,152.5756037580706
2021-08-06,158.63945915753737
2021-08-09,157.09469489624985
2021-08-10,156.9353993130404
2021-08-11,157.55701386030358
2021-08-12,157.6757753386583
2021-08-13,156.99162365116328
2021-08-16,156.69668529044552
2021-08-17,154.36302717786074
2021-08-18,153.18941338626587
2021-08-19,147.82047802832648
2021-08-20,144.34724792908273
2021-08-23,144.56232916358135
2021-08-24,144.02818142337185
2021-08-25,145.53687787965518
2021-08-26,144.3131515284945
2021-08-27,143.23440186544644
2021-08-30,145.75459743014864
2021-08-31,146.05679643204482
2021-09-01,143.87232625404147
2021-09-02,145.30872745570076
2021-09-03,145.14121956080018
2021-09-06,149.1136272100122
2021-09-07,152.05505266478943
2021-09-08,148.48912540970224
2021-09-09,150.46745829211523
2021-09-10,154.48255407950484
2021-09-13,157.1615298431556
2021-09-14,158.18572510846516
2021-09-15,158.94328703894948
2021-09-16,161.92063673200778
2021-09-17,160.16508163208127
2021-09-20,159.78910145499015
2021-09-21,160.52150219124917
2021-09-22,163.54508742242118
2021-09-23,159.71358290144792
2021-09-24,163.84250333577268
2021-09-27,168.99498513130197
2021-09-28,171.14204364131172
2021-09-29,166.864471164064
2021-09-30,171.4690959233482
2021-10-01,177.18576298192158
2021-10-04,179.04246158100253
2021-10-05,173.28637569510005
2021-10-06,168.79904508465805
2021-10-07,169.39356773682908
2021-10-08,169.92589670418042
2021-10-11,172.72953698467742
2021-10-12,175.25848371089327
2021-10-13,176.14396721347987
2021-10-14,179.89757746128862
2021-10-15,187.70272482320257
2021-10-18,191.62075950076252
2021-10-19,192.2493853847576
2021-10-20,190.14513940471912
2021-10-21,193.7711801735758
2021-10-22,196.94654217791873
2021-10-25,198.69962137991172
2021-10-26,196.30920133237035
2021-10-27,199.07909167868024
2021-10-28,203.72659859152475
2021-10-29,207.87196617842685
2021-11-01,209.89476950907724
2021-11-02,209.01842602496154
2021-11-03,206.55793343060313
2021-11-04,207.07848149180552
2021-11-05,209.87916526476556
2021-11-08,205.73169504180152
2021-11-09,213.1399955999674
2021-11-10,210.38714785579782
2021-11-11,213.17765614535878
2021-11-12,212.62690978732675
2021-11-15,207.15682910540536
2021-11-16,209.950035246974
2021-11-17,207.92444483382008
2021-11-18,204.61359583861085
2021-11-19,206.64568899128722
2021-11-22,199.83147043419336
2021-11-23,198.52832396715763
2021-11-24,199.90865035991655
2021-11-25,191.64824413376618
2021-11-26,193.77449047934988
2021-11-29,195.62964084052092
2021-11-30,194.13264057900776
2021-12-01,192.73418919442923
2021-12-02,195.0612723377987
2021-12-03,192.2611648389385
2021-12-06,189.78596076811698
2021-12-07,193.27364773420015
2021-12-08,195.32902838443846
2021-12-09,191.41336563428578
2021-12-10,185.66446960896562
2021-12-13,185.3953675204477
2021-12-14,187.98591366764063
2021-12-15,185.74601280961272
2021-12-16,188.57773859497738
2021-12-17,190.74626738574418
2021-12-20,190.70640287441728
2021-12-21,190.20612461954542
2021-12-22,193.6110101241663
2021-12-23,192.15254629642214
2021-12-24,185.60828209967417
2021-12-27,194.37878602651762
2021-12-28,199.5780289477972
2021-12-29,196.47221070229034
2021-12-30,191.75153092273655
2021-12-31,194.09792809911482
2022-01-03,192.3638001267537
2022-01-04,194.26294874369438
2022-01-05,201.1283411980218
2022-01-06,199.64485694225746
2022-01-07,201.8626186167376
2022-01-10,207.0950696632086
2022-01-11,206.83367503909224
2022-01-12,209.3957851619867
2022-01-13,212.05132370416396
2022-01-14,219.38768247450125
2022-01-17,217.891353111159
2022-01-18,215.61130665893967
2022-01-19,214.032808753117
2022-01-20,219.3978745584683
2022-01-21,222.28401715664899
2022-01-24,230.57793608990517
2022-01-25,228.72746840341685
2022-01-26,230.5395698607835
2022-01-27,228.68731771339492
2022-01-28,224.12253664085975
2022-01-31,227.5988693362346
2022-02-01,227.76832951433528
2022-02-02,227.43204460263993
2022-02-03,222.50063298061136
2022-02-04,220.41533996179075
2022-02-07,223.51471579451845
2022-02-08,219.63590257322008
2022-02-09,209.44778210114237
2022-02-10,221.2282933047408
2022-02-11,217.9380197723765
2022-02-14,221.03829601211885
2022-02-15,220.01418294280452
2022-02-16,217.6280633697462
2022-02-17,221.2317075321332
2022-02-18,220.61322676942518
2022-02-21,214.84699390831827
2022-02-22,210.86966458354578
2022-02-23,207.32824298895204
2022-02-24,204.41667862526796
2022-02-25,206.87123529826468
2022-02-28,206.44250480292743
2022-03-01,202.28791026486823
2022-03-02,205.62132090879945
2022-03-03,199.18292743237487
2022-03-04,200.48749234095897
2022-03-07,206.21595362532918
2022-03-08,211.10891667041966
2022-03-09,210.06919244767025
2022-03-10,207.52917759344095
2022-03-11,211.43158943581366
2022-03-14,212.72404358257296
2022-03-15,205.3967908509289
2022-03-16,206.00269318951953
2022-03-17,203.33605090154174
2022-03-18,206.0975035755054
2022-03-21,208.48743735802515
2022-03-22,212.77711107633635
2022-03-23,211.17597134460487
2022-03-24,207.7501153333104
2022-03-25,213.4708572856836
2022-03-28,219.00814481141103
2022-03-29,216.78322329107442
2022-03-30,213.475949088987
2022-03-31,213.84933977045176
2022-04-01,212.3492071662121
2022-04-04,207.0488907654584
2022-04-05,212.10417366542373
2022-04-06,216.58169287239377
2022-04-07,214.6610343398049
2022-04-08,215.53403064727812
2022-04-11,217.71072193082327
2022-04-12,221.28248638025318
2022-04-13,215.6115714350444
2022-04-14,220.05740443700174
2022-04-15,218.52074786757584
2022-04-18,218.40586798867167
2022-04-19,217.2102737478815
2022-04-20,211.66071943969317
2022-04-21,209.65337300442127
2022-04-22,214.62163641248716
2022-04-25,210.0933761216022
2022-04-26,210.54232492628105
2022-04-27,213.27768364334378
2022-04-28,218.8055310450538
2022-04-29,220.54583513812278
2022-05-02,221.42754531495086
2022-05-03,220.246709960797
2022-05-04,217.42779057411056
2022-05-05,221.7378081159233
2022-05-06,215.23607304429368
2022-05-09,216.91312836064066
2022-05-10,223.3002441771667
2022-05-11,228.64836471660612
2022-05-12,229.10834571458182
2022-05-13,222.1681827817289
2022-05-16,219.11161500050812
2022-05-17,223.3403077703679
2022-05-18,225.3590924103772
2022-05-19,232.7162977305977
2022-05-20,229.5318300660965
2022-05-23,229.90484512313088
2022-05-24,225.26965849812456
2022-05-25,220.84987832328696
2022-05-26,219.91555802884412
2022-05-27,221.88816637724273
2022-05-30,221.20815218208554
2022-05-31,228.673917952159
2022-06-01,232.28400631723153
2022-06-02,226.6565601843342
2022-06-03,227.61311459519789
2022-06-06,232.35278030076952
2022-06-07,237.167424512456
2022-06-08,229.22467755680196
2022-06-09,229.25807105586318
2022-06-10,227.7924838976115
2022-06-13,227.96249861126466
2022-06-14,227.83666416373248
2022-06-15,220.96946041985825
2022-06-16,215.97821219866094
2022-06-17,222.68369969409252
2022-06-20,225.10890096337548
2022-06-21,226.71167884288243
2022-06-22,233.56530673303564
2022-06-23,242.50928245246908
2022-06-24,248.03850001083217
2022-06-27,247.27584792801136
2022-06-28,247.2546580479635
2022-06-29,252.34578861643678
2022-06-30,246.5125597369736
2022-07-01,245.12157804934708
2022-07-04,244.02620917679707
2022-07-05,238.70965726496584
2022-07-06,237.36734762844512
2022-07-07,246.68870293847542
2022-07-08,240.17187153575438
2022-07-11,239.9262671425516
2022-07-12,239.20900220069583
2022-07-13,237.79475684416118
2022-07-14,238.71292947206652
2022-07-15,238.77567368297176
2022-07-18,236.3409902491317
2022-07-19,235.3994635138253
2022-07-20,233.30640171434413
2022-07-21,232.12034173735952
2022-07-22,228.15535329256372
2022-07-25,230.89109103706414
2022-07-26,231.39877056722332
2022-07-27,216.82352342967886
2022-07-28,215.06493068023698
2022-07-29,221.9919554756788
2022-08-01,217.1752569590984
2022-08-02,231.47047402621922
2022-08-03,231.69967600009832
2022-08-04,236.56425613410576
2022-08-05,234.00611825665945
2022-08-08,229.72752992290512
2022-08-09,227.7680660216731
2022-08-10,238.14808465799092
2022-08-11,240.5765911102593
2022-08-12,240.87869971507834
2022-08-15,244.13198834750642
2022-08-16,239.8431225452308
2022-08-17,242.76343248106974
2022-08-18,243.26867919276035
2022-08-19,249.30258447375385
2022-08-22,251.82440513896645
2022-08-23,256.3416146895695
2022-08-24,258.03303142374205
2022-08-25,255.68898461494146
2022-08-26,256.90235916977224
2022-08-29,259.7951487096781
2022-08-30,256.87716656595984
2022-08-31,254.60201401953586
2022-09-01,257.3309330459552
2022-09-02,265.1390120475864
2022-09-05,267.3232422619059
2022-09-06,261.8408669067683
2022-09-07,258.02016966194606
2022-09-08,255.57600067207983
2022-09-09,259.9536256899655
2022-09-12,255.97752255888474
2022-09-13,261.0813066014337
2022-09-14,260.6725945929256
2022-09-15,250.77410022917354
2022-09-16,251.56185553396134
2022-09-19,255.4971995040951
2022-09-20,254.50765352015483
2022-09-21,257.77470392324216
2022-09-22,261.3350498139329
2022-09-23,262.71635379782794
2022-09-26,260.61173851750164
2022-09-27,253.86267507732566
2022-09-28,258.1583840411284
2022-09-29,262.2813927840163
2022-09-30,272.2143002126539
2022-10-03,262.55192367048664
2022-10-04,260.1135509724506
2022-10-05,258.2206955757445
2022-10-06,258.7222239198774
2022-10-07,253.88214317945457
2022-10-10,260.25524329799356
2022-10-11,257.6505627968448
2022-10-12,267.0938136056453
2022-10-13,271.4926051400615
2022-10-14,272.1401528518997
2022-10-17,256.3854008822706
2022-10-18,253.43472780084883
2022-10-19,251.96526740670066
2022-10-20,251.11471359389844
2022-10-21,247.0661921667708
2022-10-24,250.59783780639842
2022-10-25,252.14968708299423
2022-10-26,252.09251358056144
2022-10-27,244.61948507996175
2022-10-28,244.97037420935365
2022-10-31,253.0320725916254
2022-11-01,255.39318346955275
2022-11-02,253.72551404820203
2022-11-03,253.61520573732182
2022-11-04,254.45022483901232
2022-11-07,244.49443767310473
2022-11-08,240.87704375294896
2022-11-09,247.93075233141428
2022-11-10,244.38459622863184
2022-11-11,242.34473464790827
2022-11-14,244.73934517845362
2022-11-15,252.70039917394033
2022-11-16,246.9037905417467
2022-11-17,244.3677219742274
2022-11-18,244.1119832633708
2022-11-21,236.14083423395618
2022-11-22,240.94403457938498
2022-11-23,244.87723560167825
2022-11-24,245.16841931484697
2022-11-25,242.0453910153823
2022-11-28,231.93719541890053
2022-11-29,236.31158482520436
2022-11-30,235.89893897457767
2022-12-01,243.24093643046723
2022-12-02,241.84943329694292
2022-12-05,244.92457486460776
2022-12-06,253.5550355064305
2022-12-07,249.20321485555576
2022-12-08,251.08971167328087
2022-12-09,251.026231366954
2022-12-12,253.6679723817686
2022-12-13,255.58869726900232
2022-12-14,266.43797634736967
2022-12-15,261.7396866584388
2022-12-16,258.55010857883104
2022-12-19,264.17548635066134
2022-12-20,264.8591939009433
2022-12-21,276.226811053613
2022-12-22,280.3343026080607
2022-12-23,290.4483541322004
2022-12-26,286.9671539187584
2022-12-27,287.96122444798874
2022-12-28,287.9416829799454
2022-12-29,287.3135393608305
2022-12-30,289.88967173290393
2023-01-02,296.7508970009973
2023-01-03,295.0010736209945
2023-01-04,284.206645511834
2023-01-05,282.05536608420584
2023-01-06,273.6130109408832
2023-01-09,278.16733060275624
2023-01-10,274.93459796944865
2023-01-11,283.2671958405816
2023-01-12,284.9367436454123
2023-01-13,279.5982793776961
2023-01-16,282.487489298754
2023-01-17,277.9038887340798
2023-01-18,276.87888187938955
2023-01-19,275.35488114764223
2023-01-20,282.5488136756955
2023-01-23,274.52071003857
2023-01-24,280.4701395810143
2023-01-25,276.5353115918971
2023-01-26,280.5203771466215
2023-01-27,281.18015976742413
2023-01-30,275.4201406294476
2023-01-31,273.4023048317202
2023-02-01,274.86248489499985
2023-02-02,280.98437249331016
2023-02-03,287.95760379408586
2023-02-06,287.47461073699316
2023-02-07,290.7688582046291
2023-02-08,290.3835776601514
2023-02-09,287.76857861664826
2023-02-10,287.0265727473032
2023-02-13,289.5011488799074
2023-02-14,283.6822198994858
2023-02-15,282.80671639327414
2023-02-16,281.91227934138175
2023-02-17,275.9527397845376
2023-02-20,274.4449312404686
2023-02-21,268.7422946930398
2023-02-22,265.88156065870334
2023-02-23,271.5907263949369
2023-02-24,277.830108320704
2023-02-27,278.650834337364
2023-02-28,280.49762035316513
2023-03-01,287.9568136657216
2023-03-02,290.1754656043172
2023-03-03,298.87973128367776
2023-03-06,301.4632389087288
2023-03-07,307.57934910272587
2023-03-08,314.6190865647688
2023-03-09,325.9308855973455
2023-03-10,325.36655085628894
2023-03-13,321.6808219717171
2023-03-14,318.0730488267519
2023-03-15,328.11198807793
2023-03-16,322.9537184608915
2023-03-17,319.17200924005107
2023-03-20,317.99238732258345
2023-03-21,310.5682222736628
2023-03-22,314.09398644473634
2023-03-23,311.54166625072634
2023-03-24,321.3532170828459
2023-03-27,319.6126071744805
2023-03-28,319.73973275747767
2023-03-29,312.8507705126483
2023-03-30,310.42498735568984
2023-03-31,318.71829285562325
2023-04-03,316.9997118336268
2023-04-04,318.8535321110464
2023-04-05,310.83340729325096
2023-04-06,311.55856118675365
2023-04-07,308.3815171688523
2023-04-10,303.2746854838439
2023-04-11,295.4989772940125
2023-04-12,296.24789621442415
2023-04-13,301.7837406907208
2023-04-14,307.524387306585
2023-04-17,305.40329280117504
2023-04-18,312.8395780222203
2023-04-19,312.03910159704674
2023-04-20,302.01379642309905
2023-04-21,300.0470490371065
2023-04-24,289.03726766974165
2023-04-25,289.82451102087674
2023-04-26,296.6088569526842
2023-04-27,296.4892953505187
2023-04-28,303.47794808053726
2023-05-01,293.83064480242075
2023-05-02,299.2198635885551
2023-05-03,291.7651525837252
2023-05-04,283.1311835710721
2023-05-05,287.1270403147677
2023-05-08,282.1346629929045
2023-05-09,279.1541506957912
2023-05-10,270.7128347898038
2023-05-11,278.52354886016667
2023-05-12,278.2915754723169
2023-05-15,281.01552524530956
2023-05-16,273.96561358805457
2023-05-17,285.88299424837163
2023-05-18,286.97852722632945
2023-05-19,284.077403391603
2023-05-22,276.3887698462011
2023-05-23,279.5946017194917
2023-05-24,280.54618802734365
2023-05-25,281.08276808512636
2023-05-26,279.0771970433247
2023-05-29,280.12878565621696
2023-05-30,277.874122123713
2023-05-31,281.8490983093637
2023-06-01,279.0884513427338
2023-06-02,274.7022884658089
2023-06-05,267.7564649782759
2023-06-06,272.9889595039087
2023-06-07,269.7090796812509
2023-06-08,267.6412331140302
2023-06-09,265.8307819159857
2023-06-12,263.9248929072049
2023-06-13,265.13316817862824
2023-06-14,264.39915699601295
2023-06-15,261.17225282272733
2023-06-16,253.37972971142972
2023-06-19,257.0275339044711
2023-06-20,263.0619625542976
2023-06-21,266.34718192836186
2023-06-22,263.05935804517645
2023-06-23,263.3065876531996
2023-06-26,266.7632033579731
2023-06-27,264.17676095838425
2023-06-28,260.7252867826924
2023-06-29,258.4424560935993
2023-06-30,253.13389415412576
2023-07-03,247.8487323577387
2023-07-04,247.47214588479946
2023-07-05,247.81761742585084
2023-07-06,250.36235159220445
2023-07-07,252.64825228847036
2023-07-10,247.47311120040914
2023-07-11,253.10463787055835
2023-07-12,250.7666811920016
2023-07-13,249.73732371468577
2023-07-14,253.01706663229797
2023-07-17,264.10915606656494
2023-07-18,265.1486533229677
2023-07-19,269.96766973005623
2023-07-20,267.22490514013634
2023-07-21,267.5539773466923
2023-07-24,272.6293448641048
2023-07-25,267.9779729887749
2023-07-26,267.3714506446677
2023-07-27,275.3336660750278
2023-07-28,271.5781892441595
2023-07-31,275.36408301984176
2023-08-01,265.9889509844942
2023-08-02,261.5414120705408
2023-08-03,257.9676029329436
2023-08-04,251.04835445709924
2023-08-07,250.9700148173655
2023-08-08,250.1991173659342
2023-08-09,258.67153061580893
2023-08-10,262.51456811673165
2023-08-11,263.83184725818126
2023-08-14,261.5549255207035
2023-08-15,256.15557839523456
2023-08-16,259.75837156407977
2023-08-17,247.42976448519127
2023-08-18,251.8932561673288
2023-08-21,248.76558591546544
2023-08-22,258.9617579040187
2023-08-23,258.1125991906569
2023-08-24,261.79779314753563
2023-08-25,257.7439522678943
2023-08-28,256.69545772019654
2023-08-29,263.6042746277751
2023-08-30,265.28587909492217
2023-08-31,260.91686570421825
2023-09-01,267.52912218725845
2023-09-04,262.581471722024
2023-09-05,260.83777760438016
2023-09-06,271.2958501645436
2023-09-07,268.0081256129782
2023-09-08,264.24555338699105
2023-09-11,266.13201207196903
2023-09-12,267.3324624381052
2023-09-13,271.86566089777483
2023-09-14,275.1856024200856
2023-09-15,273.314445043063
2023-09-18,271.45410320617293
2023-09-19,269.6842216771219
2023-09-20,270.29284605746795
2023-09-21,267.1683442883082
2023-09-22,268.2204470146003
2023-09-25,264.829019305974
2023-09-26,266.5673245677354
2023-09-27,266.99740072355996
2023-09-28,261.0214809634481
2023-09-29,272.37942174248707
2023-10-02,284.3197964055819
2023-10-03,290.2281667950698
2023-10-04,278.11828168943083
2023-10-05,279.96856059023384
2023-10-06,276.68018047513567
2023-10-09,278.93709330288186
2023-10-10,279.28386486007315
2023-10-11,276.5109648175653
2023-10-12,278.65391460680365
2023-10-13,278.36139758386327
2023-10-16,282.6987635735416
2023-10-17,277.7637800397236
2023-10-18,281.6040752596995
2023-10-19,282.2439204593095
2023-10-20,281.70348356569883
2023-10-23,284.5925177060949
2023-10-24,276.03404922312245
2023-10-25,272.0532266560334
2023-10-26,275.9404552979772
2023-10-27,277.3821319494731
2023-10-30,274.5735015628724
2023-10-31,276.69972562034377
2023-11-01,268.98764684260397
2023-11-02,276.7146713374375
2023-11-03,264.6405153636395
2023-11-06,261.3536973489946
2023-11-07,252.47982121719417
2023-11-08,249.18666605219178
2023-11-09,251.47098800515644
2023-11-10,250.8862299709398
2023-11-13,246.7604918338674
2023-11-14,260.5791857173664
2023-11-15,262.69026299875804
2023-11-16,264.6834305735612
2023-11-17,273.74052725386986
2023-11-20,271.9332983418745
2023-11-21,271.5515413503215
2023-11-22,270.4407345101214
2023-11-23,266.5576283537219
2023-11-24,265.1215226853457
2023-11-27,266.4108896514084
2023-11-28,259.43337622333445
2023-11-29,255.6062127488172
2023-11-30,263.52343089851513
2023-12-01,259.12164758236037
2023-12-04,261.962514764692
2023-12-05,263.4841870248828
2023-12-06,261.54496027102
2023-12-07,260.4036150461801
2023-12-08,266.7755658520747
2023-12-11,276.5900966968326
2023-12-12,282.8159875830366
2023-12-13,271.90472060595306
2023-12-14,268.4022230694689
2023-12-15,271.098199108097
2023-12-18,262.22591678696705
2023-12-19,272.11773058178926
2023-12-20,269.3034547264088
2023-12-21,268.5805803834222
2023-12-22,268.4064883417647
2023-12-25,263.6060147118248
2023-12-26,261.982505431463
2023-12-27,264.1008933913142
2023-12-28,271.0627179329586
2023-12-29,270.22834587095514
2024-01-01,267.84477555056446
2024-01-02,261.7966091782216
2024-01-03,264.71625798897594
2024-01-04,261.2289005570111
2024-01-05,262.245707213642
2024-01-08,260.3536111751801
2024-01-09,248.75931112346254
2024-01-10,249.27246044941194
2024-01-11,257.2259185624355
2024-01-12,251.8742820550081
2024-01-15,245.06278946582083
2024-01-16,246.51398587085146
2024-01-17,245.23584795893245
2024-01-18,243.2047870159621
2024-01-19,239.64133426829807
2024-01-22,241.0576865908645
2024-01-23,240.48112142876784
2024-01-24,236.97256091204332
2024-01-25,228.98260449589873
2024-01-26,229.70078079423314
2024-01-29,227.9477974457124
2024-01-30,226.73330310580198
2024-01-31,227.31467974792363
2024-02-01,225.47771536099688
2024-02-02,225.36969310266247
2024-02-05,227.3540271619716
2024-02-06,232.9746577133037
2024-02-07,237.64059599647968
2024-02-08,239.99009757707327
2024-02-09,235.58138465092244
2024-02-12,235.9897709771711
2024-02-13,241.04016961875737
2024-02-14,242.19706182455556
2024-02-15,243.05229562262633
2024-02-16,240.23804686850562
2024-02-19,242.1996811324936
2024-02-20,240.83303834960054
2024-02-21,248.8634176171541
2024-02-22,256.23459899361825
2024-02-23,255.2993988098893
2024-02-26,259.7520981510182
2024-02-27,257.2827109685996
2024-02-28,259.85266945181274
2024-02-29,256.8093813648523
2024-03-01,250.59740065316956
2024-03-04,251.59935609104755
2024-03-05,249.5411215366252
2024-03-06,261.72129625941403
2024-03-07,261.3549691352484
2024-03-08,265.86834349334123
2024-03-11,264.2567945065805
2024-03-12,261.59483921018756
2024-03-13,264.30879650173955
2024-03-14,258.76086945100246
2024-03-15,257.9855923046968
2024-03-18,259.8954672317516
2024-03-19,259.6937978590772
2024-03-20,262.90839042744
2024-03-21,266.0462530769596
2024-03-22,256.53745275138016
2024-03-25,255.48903469242376
2024-03-26,250.38140771320195
2024-03-27,249.38816853079862
2024-03-28,253.68818189410757
2024-03-29,251.73628646257256
2024-04-01,252.27119156672669
2024-04-02,262.47397815851076
2024-04-03,267.738820950662
2024-04-04,277.59154543985767
2024-04-05,265.3767670909546
2024-04-08,270.11584871179946
2024-04-09,265.50940300924077
2024-04-10,268.26035456409886
2024-04-11,257.13654267897147
2024-04-12,254.75445109495337
2024-04-15,255.00719390116785
2024-04-16,263.0791314813968
2024-04-17,264.89595858012297
2024-04-18,264.6784529338497
2024-04-19,263.05263133172457
2024-04-22,273.50155971732477
2024-04-23,268.98865093405385
2024-04-24,268.4363075324242
2024-04-25,264.54438016993447
2024-04-26,261.871492199565
2024-04-29,266.07675291422305
2024-04-30,275.98319367080535
2024-05-01,268.0883749018467
2024-05-02,274.20012372896673
2024-05-03,282.1935543256114
2024-05-06,281.1590466420624
2024-05-07,292.4471912638165
2024-05-08,285.68992030227764
2024-05-09,286.610599274464
2024-05-10,287.3958270437088
2024-05-13,291.9459887366627
2024-05-14,296.3968871896526
2024-05-15,294.33977463388555
2024-05-16,299.7024964436125
2024-05-17,291.0037886180323
2024-05-20,296.46161124608807
2024-05-21,298.3328784554379
2024-05-22,298.73683065567513
2024-05-23,292.3351197988744
2024-05-24,282.10255387612085
2024-05-27,285.3255112153286
2024-05-28,279.1975195919175
2024-05-29,272.1820605822958
2024-05-30,277.1701786671084
2024-05-31,280.79780275895035
2024-06-03,280.8735372183982
2024-06-04,274.9729240016226
2024-06-05,274.93782256533444
2024-06-06,274.6333795521105
2024-06-07,274.0405156172373
2024-06-10,269.14334157663563
2024-06-11,263.12808698066647
2024-06-12,256.7775655793883
2024-06-13,253.7827329793997
2024-06-14,258.1091922985542
2024-06-17,261.09357108171673
2024-06-18,255.3631703094102
2024-06-19,259.31504014041485
2024-06-20,263.7255941549499
2024-06-21,265.74641878062874
2024-06-24,264.01162481515894
2024-06-25,262.0520647791714
2024-06-26,257.1697903406205
2024-06-27,261.20775628728677
2024-06-28,260.1075340478471
2024-07-01,256.76520606566214
2024-07-02,253.1301676631035
2024-07-03,254.60030101843796
2024-07-04,252.18693796847097
2024-07-05,250.37961865275506
2024-07-08,254.0426643955625
2024-07-09,253.0416213226983
2024-07-10,246.9255992562979
2024-07-11,251.3826241720244
2024-07-12,253.92633412531902
2024-07-15,257.2873543498086
2024-07-16,262.2187643753694
2024-07-17,259.6531711271029
2024-07-18,252.59271665540976
2024-07-19,252.90243482976658
2024-07-22,265.23368662412275
2024-07-23,268.5436895119847
2024-07-24,264.6411938346338
2024-07-25,258.48340829017826
2024-07-26,267.6195660533903
2024-07-29,271.8801384503873
2024-07-30,270.4438256219063
2024-07-31,273.2513876741382
2024-08-01,269.5534061422545
2024-08-02,282.0411043800625
2024-08-05,278.3285101108855
2024-08-06,276.2380118102047
2024-08-07,275.7323330534875
2024-08-08,269.49752115164864
2024-08-09,261.72431278941133
2024-08-12,261.4470906475765
2024-08-13,262.9188070768126
2024-08-14,263.61502594929254
2024-08-15,265.4770368203362
2024-08-16,265.7811986073851
2024-08-19,264.4763727071809
2024-08-20,259.0139569607136
2024-08-21,270.03714091509863
2024-08-22,258.8739632277737
2024-08-23,266.93364332215975
2024-08-26,266.1343269308696
2024-08-27,269.26330446315734
2024-08-28,276.93207548007746
2024-08-29,272.44115658009963
2024-08-30,267.51285135074534
2024-09-02,268.88371801223127
2024-09-03,267.76956520343504
2024-09-04,264.3740144562422
2024-09-05,264.79928107155473
2024-09-06,265.1896016422637
2024-09-09,251.60875485310234
2024-09-10,250.85771567699192
2024-09-11,247.61554298804867
2024-09-12,237.72357829345506
2024-09-13,237.29986806048808
2024-09-16,232.2226158062448
2024-09-17,238.00061257338365
2024-09-18,243.63983732943456
2024-09-19,253.21477650984957
2024-09-20,249.2991897388297
2024-09-23,244.58048445590535
2024-09-24,248.91633501031006
2024-09-25,248.3240519962658
2024-09-26,247.30447646168426
2024-09-27,248.88936084159144
2024-09-30,256.36040890953024
2024-10-01,249.08823546757455
2024-10-02,248.54300449828483
2024-10-03,247.17086442837584
2024-10-04,246.78800034939772
2024-10-07,251.85759789247354
2024-10-08,258.8502975548184
2024-10-09,257.2128110226373
2024-10-10,255.54803282050494
2024-10-11,245.06304957141307
2024-10-14,241.7955309200186
2024-10-15,242.17259152722013
2024-10-16,242.78090748259808
2024-10-17,241.51792161900372
2024-10-18,240.39317753472955
2024-10-21,242.3893803515162
2024-10-22,238.24479193673776
2024-10-23,241.04283500133263
2024-10-24,253.20162222250136
2024-10-25,259.7497832978611
2024-10-28,265.8310678480864
2024-10-29,267.890453585088
2024-10-30,271.478034193875
2024-10-31,270.7732016794802
2024-11-01,259.3671436199181
2024-11-04,267.7138502643275
2024-11-05,265.37235606607163
2024-11-06,257.17074030774813
2024-11-07,261.8976891392394
2024-11-08,251.85582518534056
2024-11-11,255.74210907062675
2024-11-12,248.88645261390567
2024-11-13,244.77247827548214
2024-11-14,245.75409156869435
2024-11-15,244.88427216590716
2024-11-18,245.99412436917993
2024-11-19,249.3721175422263
2024-11-20,242.97096522201244
2024-11-21,248.7355958840255
2024-11-22,248.20159736119294
2024-11-25,248.31329818378788
2024-11-26,255.8390953985579
2024-11-27,259.3739242952317
2024-11-28,267.7915920861759
2024-11-29,274.1058479416172
2024-12-02,274.2890809396456
2024-12-03,280.35282324665013
2024-12-04,282.44339982130094
2024-12-05,281.3031670512336
2024-12-06,280.3367334964283
2024-12-09,281.4687668534605
2024-12-10,283.59392728882614
2024-12-11,284.86311968300373
2024-12-12,283.5267582886584
2024-12-13,282.41665092078864
2024-12-16,278.21343747077447
2024-12-17,282.5027394652719
2024-12-18,285.7596521632865
2024-12-19,300.9538590568396
2024-12-20,295.15654402148135
2024-12-23,295.7535087850037
2024-12-24,288.61836728817667
2024-12-25,288.2617480108745
2024-12-26,287.0499104483814
2024-12-27,288.23872827817263
2024-12-30,284.05182179215774
2024-12-31,282.4756946739031
