Date,MRK
2020-01-01,443.1801781700661
2020-01-02,431.57779430714123
2020-01-03,421.7137492628359
2020-01-06,420.9878232183329
2020-01-07,421.2908572502213
2020-01-08,414.6889658866821
2020-01-09,414.5960465543271
2020-01-10,415.1423170252512
2020-01-13,405.79545148776816
2020-01-14,402.52562692991444
2020-01-15,408.91646645231737
2020-01-16,407.58080637571777
2020-01-17,414.8592174245379
2020-01-20,409.5879304870469
2020-01-21,395.31100351325085
2020-01-22,399.99060489373375
2020-01-23,399.81418415292956
2020-01-24,395.17562952065566
2020-01-27,384.09252335667713
2020-01-28,387.096309663406
2020-01-29,386.21211890895546
2020-01-30,378.2876745821268
2020-01-31,387.9856476053794
2020-02-03,387.1283023389301
2020-02-04,384.1092658226184
2020-02-05,359.0990779968536
2020-02-06,359.63180468706236
2020-02-07,356.1532981815593
2020-02-10,355.94449631572684
2020-02-11,362.4043581939396
2020-02-12,370.9688982018584
2020-02-13,376.5930045031861
2020-02-14,382.64436076910334
2020-02-17,381.5116794825773
2020-02-18,378.6765606574856
2020-02-19,386.5284060642843
2020-02-20,393.1084417658013
2020-02-21,395.85148121090174
2020-02-24,382.8922258129304
2020-02-25,375.0732200775879
2020-02-26,384.1653592751937
2020-02-27,393.9201730372305
2020-02-28,394.98313456582554
2020-03-02,390.20261438166966
2020-03-03,380.2641862303036
2020-03-04,383.09172884614486
2020-03-05,391.7702468541271
2020-03-06,394.3150049262926
2020-03-09,394.1531745849697
2020-03-10,387.0920271238685
2020-03-11,395.9068620093915
2020-03-12,386.5030641311094
2020-03-13,390.3811039863681
2020-03-16,395.10062290824095
2020-03-17,395.6939162068926
2020-03-18,389.96547444704925
2020-03-19,398.76965713797546
2020-03-20,398.9625189160822
2020-03-23,405.8490832276157
2020-03-24,408.8809367396819
2020-03-25,398.70838847075936
2020-03-26,384.691839007236
2020-03-27,389.45045352608435
2020-03-30,372.2655829615951
2020-03-31,371.1965872266562
2020-04-01,362.8988246162077
2020-04-02,358.2047754833715
2020-04-03,368.2356676521249
2020-04-06,353.06359105062984
2020-04-07,347.00908191408257
2020-04-08,334.12640258506576
2020-04-09,333.1384348115022
2020-04-10,346.89671512887605
2020-04-13,349.70069177691147
2020-04-14,350.0639047660038
2020-04-15,343.43704788227654
2020-04-16,354.1999639029107
2020-04-17,365.7647291834266
2020-04-20,362.85305440615633
2020-04-21,355.9942433825329
2020-04-22,353.7215633765534
2020-04-23,340.697247466863
2020-04-24,352.4155228106719
2020-04-27,356.927592790548
2020-04-28,358.5115785370268
2020-04-29,362.7827886063051
2020-04-30,354.1927369424574
2020-05-01,354.8927720105716
2020-05-04,350.1509814997494
2020-05-05,352.2731989686206
2020-05-06,361.53383914181035
2020-05-07,368.42367834818566
2020-05-08,366.24880803045414
2020-05-11,363.13757871173505
2020-05-12,368.611096987536
2020-05-13,384.3026606732347
2020-05-14,385.78620352470205
2020-05-15,372.84153682940604
2020-05-18,369.0305175564863
2020-05-19,370.64142523110553
2020-05-20,371.33642839032706
2020-05-21,370.3860344151763
2020-05-22,374.67637383828395
2020-05-25,383.88275595953456
2020-05-26,385.8524218539729
2020-05-27,383.3652195853361
2020-05-28,390.88303416582085
2020-05-29,404.8609997372652
2020-06-01,420.889898541632
2020-06-02,396.9977712024502
2020-06-03,403.1323025379146
2020-06-04,412.0443742112091
2020-06-05,411.53548349478586
2020-06-08,417.37758036336675
2020-06-09,420.7232858790617
2020-06-10,424.631110280444
2020-06-11,435.32668184164385
2020-06-12,446.8801121726527
2020-06-15,458.3708118443534
2020-06-16,472.4226642460376
2020-06-17,463.3888996841557
2020-06-18,454.8371112550877
2020-06-19,446.3794578057668
2020-06-22,443.61097037731537
2020-06-23,431.7691893622736
2020-06-24,433.30168456414805
2020-06-25,435.23611437976933
2020-06-26,419.72130062784066
2020-06-29,417.125707663155
2020-06-30,417.59364723135093
2020-07-01,407.95010295451414
2020-07-02,412.9503503601192
2020-07-03,407.5694765566044
2020-07-06,410.5055270414218
2020-07-07,405.8769701503728
2020-07-08,406.81585119623367
2020-07-09,415.20684386376183
2020-07-10,428.4979390054852
2020-07-13,431.691359518129
2020-07-14,437.6930400141759
2020-07-15,447.00455586295345
2020-07-16,453.4806605459347
2020-07-17,457.07080964485834
2020-07-20,459.2451435978096
2020-07-21,453.2705944813737
2020-07-22,451.7670922466448
2020-07-23,441.4783823341941
2020-07-24,434.0415877020664
2020-07-27,431.659546175112
2020-07-28,432.199140121367
2020-07-29,442.2993795685462
2020-07-30,439.7924075750479
2020-07-31,455.11046041943854
2020-08-03,453.77661398847965
2020-08-04,443.3314799875863
2020-08-05,445.1127045338428
2020-08-06,439.3185378026037
2020-08-07,431.98250856854463
2020-08-10,441.05092054454445
2020-08-11,430.8362579851434
2020-08-12,436.35089184690287
2020-08-13,443.6489454711056
2020-08-14,443.9125763780234
2020-08-17,447.20393907118944
2020-08-18,447.139484744966
2020-08-19,427.95792112535634
2020-08-20,428.31852016287775
2020-08-21,441.12156554751317
2020-08-24,446.1330973953786
2020-08-25,453.31779937925154
2020-08-26,450.56978686773186
2020-08-27,459.0614671256825
2020-08-28,472.8460295326495
2020-08-31,487.6419653193325
2020-09-01,497.5543862578789
2020-09-02,477.68898538995575
2020-09-03,471.8705167047552
2020-09-04,466.1036967902755
2020-09-07,455.41453180599837
2020-09-08,477.9560111160099
2020-09-09,484.7248452562753
2020-09-10,504.6397998850093
2020-09-11,505.14024117891637
2020-09-14,511.5871622231861
2020-09-15,510.1719022045363
2020-09-16,511.2977154446488
2020-09-17,521.3071842657412
2020-09-18,536.4358958231384
2020-09-21,539.3899950960862
2020-09-22,554.2613108094913
2020-09-23,552.3900159675626
2020-09-24,539.7140456382526
2020-09-25,542.3343751114077
2020-09-28,533.4019658233841
2020-09-29,539.2747256043654
2020-09-30,553.4400950484608
2020-10-01,545.1123548599345
2020-10-02,531.5783839995602
2020-10-05,524.0852016759928
2020-10-06,539.028444111335
2020-10-07,553.5234507457894
2020-10-08,538.4069823385516
2020-10-09,579.4909676318401
2020-10-12,590.0969774543616
2020-10-13,602.3973679679708
2020-10-14,596.7512014909851
2020-10-15,603.9323178392559
2020-10-16,606.8795353700207
2020-10-19,596.0112650098882
2020-10-20,603.3712758132248
2020-10-21,599.9580432029596
2020-10-22,616.0537150696297
2020-10-23,603.1911287660552
2020-10-26,620.1098652062752
2020-10-27,648.4589742531622
2020-10-28,648.0769246128871
2020-10-29,636.4492060056534
2020-10-30,657.462207058504
2020-11-02,634.3698705988405
2020-11-03,630.6584753804246
2020-11-04,656.4945349707617
2020-11-05,651.2504538236703
2020-11-06,638.087903227717
2020-11-09,654.9161327352242
2020-11-10,657.3379777263548
2020-11-11,680.0736289808956
2020-11-12,676.7139655413597
2020-11-13,662.8522577344596
2020-11-16,658.1781211065086
2020-11-17,642.9993388442373
2020-11-18,643.4633278163092
2020-11-19,651.0360646278549
2020-11-20,657.9805319364834
2020-11-23,641.9589509292546
2020-11-24,634.039227392388
2020-11-25,638.0495596686659
2020-11-26,642.1227043132687
2020-11-27,624.5513812531702
2020-11-30,603.1087316055773
2020-12-01,598.2434238257667
2020-12-02,590.2382935287078
2020-12-03,580.0986062310288
2020-12-04,569.3337600711762
2020-12-07,549.727515366653
2020-12-08,562.9745124445924
2020-12-09,573.1557519446114
2020-12-10,569.5746409455646
2020-12-11,565.3096887423976
2020-12-14,570.7054833107286
2020-12-15,557.9974617409915
2020-12-16,544.4802710802445
2020-12-17,532.8270466199839
2020-12-18,554.2593179391971
2020-12-21,558.0772693622622
2020-12-22,557.4191791796322
2020-12-23,542.4164719141489
2020-12-24,551.5064291453314
2020-12-25,551.4873703347863
2020-12-28,548.6163548000561
2020-12-29,548.7015026588504
2020-12-30,552.2986578664064
2020-12-31,547.7970432116193
2021-01-01,557.1611225918833
2021-01-04,547.0044960103158
2021-01-05,544.2492680419626
2021-01-06,539.9028279095
2021-01-07,544.0773087358463
2021-01-08,550.8732325593024
2021-01-11,538.2804038945093
2021-01-12,523.179537689253
2021-01-13,510.49331194752597
2021-01-14,502.06138394996657
2021-01-15,507.98502673237874
2021-01-18,506.9593869522965
2021-01-19,493.39659856121796
2021-01-20,495.01805009611144
2021-01-21,507.0624637116582
2021-01-22,508.47937451331717
2021-01-25,504.96142702777775
2021-01-26,506.3925716380544
2021-01-27,494.1857587048464
2021-01-28,479.23671569495366
2021-01-29,474.53740527773846
2021-02-01,487.20834604697745
2021-02-02,478.40466397493435
2021-02-03,484.23327281097664
2021-02-04,494.02596822066744
2021-02-05,490.9152114866533
2021-02-08,510.27874431093824
2021-02-09,499.73505380164016
2021-02-10,488.07269894130604
2021-02-11,497.5316212388684
2021-02-12,487.8137146311744
2021-02-15,486.1390023322357
2021-02-16,503.20931872001603
2021-02-17,519.5911024588694
2021-02-18,514.9368439494434
2021-02-19,525.9624295386876
2021-02-22,551.2960102421762
2021-02-23,551.9258118699461
2021-02-24,546.2126369105199
2021-02-25,533.6748408374566
2021-02-26,541.5107100905406
2021-03-01,534.3379147493662
2021-03-02,538.0725204829225
2021-03-03,551.9082290626382
2021-03-04,559.570432187806
2021-03-05,559.4695310515606
2021-03-08,560.832324251778
2021-03-09,563.4255128532012
2021-03-10,561.5402322930157
2021-03-11,555.083431758047
2021-03-12,564.825775981285
2021-03-15,578.5852826974236
2021-03-16,589.9486453422041
2021-03-17,601.1861433594554
2021-03-18,594.7949748631813
2021-03-19,603.9110753871234
2021-03-22,635.7348802514566
2021-03-23,632.6623366007809
2021-03-24,633.0054227465076
2021-03-25,616.0340538557665
2021-03-26,623.1009931802988
2021-03-29,635.3816153054382
2021-03-30,651.7390918072776
2021-03-31,661.586190242825
2021-04-01,668.2956105021613
2021-04-02,644.1067526232467
2021-04-05,642.4128463307949
2021-04-06,636.4831355331934
2021-04-07,616.6216641036057
2021-04-08,624.6812778411081
2021-04-09,621.7994948181712
2021-04-12,608.0858008415624
2021-04-13,603.3111047461142
2021-04-14,596.9601203500672
2021-04-15,574.0236743146738
2021-04-16,581.0059865530158
2021-04-19,586.6215095472345
2021-04-20,587.6650796097664
2021-04-21,593.0852402228352
2021-04-22,588.8675533806822
2021-04-23,583.4185357323146
2021-04-26,582.973734548373
2021-04-27,576.8869273511953
2021-04-28,557.8411022207922
2021-04-29,571.2618872927936
2021-04-30,577.1848877952507
2021-05-03,572.3805143437563
2021-05-04,570.985439047589
2021-05-05,570.1375293804929
2021-05-06,552.4272527553774
2021-05-07,557.8898480628116
2021-05-10,558.4595921847426
2021-05-11,565.9692288464635
2021-05-12,551.338743904218
2021-05-13,555.7681851670757
2021-05-14,554.2041741569149
2021-05-17,569.0667967640002
2021-05-18,597.9945658429095
2021-05-19,592.625283610118
2021-05-20,603.4609689834657
2021-05-21,601.2433159383096
2021-05-24,601.8765893507727
2021-05-25,593.4140297996777
2021-05-26,599.3006384747403
2021-05-27,605.5454434836994
2021-05-28,608.6138865308402
2021-05-31,614.6527937418296
2021-06-01,642.4615720659467
2021-06-02,640.8802220559642
2021-06-03,624.6651366329362
2021-06-04,618.7850294434619
2021-06-07,628.9950323122266
2021-06-08,614.2872063358517
2021-06-09,606.1839326824468
2021-06-10,625.0662350161145
2021-06-11,629.7879248663323
2021-06-14,637.1526166747102
2021-06-15,653.3354086322896
2021-06-16,649.8993904468987
2021-06-17,632.6492236853577
2021-06-18,633.7864348135264
2021-06-21,640.9651522033753
2021-06-22,635.0637707434178
2021-06-23,635.0453808802907
2021-06-24,616.9145093806789
2021-06-25,609.7232684654122
2021-06-28,593.2250136277546
2021-06-29,596.7892488583283
2021-06-30,593.6331155964425
2021-07-01,599.3109368703834
2021-07-02,601.2560374946039
2021-07-05,595.9269810782433
2021-07-06,583.2242035708551
2021-07-07,584.7288147399366
2021-07-08,570.5105878366362
2021-07-09,590.768477890065
2021-07-12,601.3654710725838
2021-07-13,584.6532434423807
2021-07-14,560.0558267526112
2021-07-15,545.4958717169649
2021-07-16,546.5378666093079
2021-07-19,560.6916055179603
2021-07-20,571.5544352512782
2021-07-21,592.046091155528
2021-07-22,594.5702986254178
2021-07-23,588.4936775372248
2021-07-26,594.8889388979882
2021-07-27,591.1217864122657
2021-07-28,583.6478673351529
2021-07-29,589.534426807905
2021-07-30,581.128651006864
2021-08-02,600.3172377702056
2021-08-03,628.3848696500531
2021-08-04,632.644033691011
2021-08-05,631.0629625368755
2021-08-06,625.9129628508826
2021-08-09,620.7205027858473
2021-08-10,616.1510865970467
2021-08-11,612.105083732817
2021-08-12,605.5751345682862
2021-08-13,626.5733471514773
2021-08-16,636.9994990301477
2021-08-17,638.469013459023
2021-08-18,645.1817184637825
2021-08-19,646.9582998790162
2021-08-20,652.4712676608394
2021-08-23,644.0346107107353
2021-08-24,645.425508413469
2021-08-25,634.8432004080579
2021-08-26,616.926888854739
2021-08-27,615.9189679990933
2021-08-30,636.3395874561622
2021-08-31,662.5205539281537
2021-09-01,657.3098514676053
2021-09-02,664.2963032278086
2021-09-03,671.4270148279712
2021-09-06,651.2259520186516
2021-09-07,637.4784823785036
2021-09-08,635.3795231257392
2021-09-09,611.1235400793232
2021-09-10,627.9181005395646
2021-09-13,609.5169555413165
2021-09-14,618.3474503093103
2021-09-15,638.8567461733741
2021-09-16,646.5371893422096
2021-09-17,636.1728731786932
2021-09-20,622.9014175637553
2021-09-21,616.3968048733087
2021-09-22,592.0887896260459
2021-09-23,600.2691732468687
2021-09-24,581.8145844523441
2021-09-27,567.8207689182685
2021-09-28,560.6060716003484
2021-09-29,568.5044014293611
2021-09-30,561.6820012661691
2021-10-01,572.1262348790967
2021-10-04,582.4684197502452
2021-10-05,576.0663755890132
2021-10-06,577.7037788261035
2021-10-07,587.969207401449
2021-10-08,583.5598169061678
2021-10-11,599.179416851414
2021-10-12,577.73430921175
2021-10-13,578.6756037366383
2021-10-14,582.9904852688871
2021-10-15,565.0300676804532
2021-10-18,573.22748665691
2021-10-19,583.3344204108182
2021-10-20,585.3908385314828
2021-10-21,585.4549770461841
2021-10-22,582.997340865004
2021-10-25,586.7384101029943
2021-10-26,590.0882533136112
2021-10-27,576.4485613725016
2021-10-28,588.1633873355211
2021-10-29,600.1210261811318
2021-11-01,621.8482119808042
2021-11-02,630.8572252880654
2021-11-03,612.577120058844
2021-11-04,618.3606245553125
2021-11-05,607.2402511917337
2021-11-08,594.4169490608595
2021-11-09,576.3418113117356
2021-11-10,567.8203418668237
2021-11-11,584.1402705548049
2021-11-12,578.2181748492534
2021-11-15,552.0326834862213
2021-11-16,548.2734077079134
2021-11-17,537.1187554615449
2021-11-18,535.0201417473447
2021-11-19,534.090273842222
2021-11-22,515.6166727026729
2021-11-23,509.1140059456539
2021-11-24,507.4703671063841
2021-11-25,507.78618268112626
2021-11-26,510.35487755008904
2021-11-29,480.29045775133335
2021-11-30,469.72514169445867
2021-12-01,459.0878073444826
2021-12-02,464.84146484415794
2021-12-03,459.1839867824594
2021-12-06,477.2370804743259
2021-12-07,475.87742189936705
2021-12-08,473.3125027257255
2021-12-09,481.41619132635844
2021-12-10,473.0062295017292
2021-12-13,462.735941546695
2021-12-14,456.5234803477533
2021-12-15,449.71723603306964
2021-12-16,446.14302223522316
2021-12-17,442.5305714046262
2021-12-20,439.8756560939318
2021-12-21,446.41046504187636
2021-12-22,415.7708364835378
2021-12-23,413.51774525181554
2021-12-24,406.2015247910602
2021-12-27,402.4311393247513
2021-12-28,401.42653106620764
2021-12-29,397.0277000797041
2021-12-30,383.03111237535046
2021-12-31,389.9157106058113
2022-01-03,381.1471112891327
2022-01-04,376.38993461773566
2022-01-05,376.2320021716413
2022-01-06,386.78903905137486
2022-01-07,387.67817234675294
2022-01-10,378.2826900866401
2022-01-11,370.3842562808238
2022-01-12,370.5730984556335
2022-01-13,364.2235827027459
2022-01-14,367.93458075575506
2022-01-17,363.80692160700204
2022-01-18,375.0576177484649
2022-01-19,369.3407377167533
2022-01-20,355.76276927741924
2022-01-21,351.4351313545565
2022-01-24,351.5932944393997
2022-01-25,355.437843381338
2022-01-26,348.7092372624597
2022-01-27,342.99587576987386
2022-01-28,341.3279933973543
2022-01-31,338.24890946537903
2022-02-01,347.8959827126399
2022-02-02,337.88316061135987
2022-02-03,337.05648180878
2022-02-04,339.025176427328
2022-02-07,338.2763334453355
2022-02-08,338.10233507016414
2022-02-09,332.94285107058863
2022-02-10,320.6870556728295
2022-02-11,319.40102360583927
2022-02-14,316.47866756593476
2022-02-15,315.01103697743804
2022-02-16,315.7396341540077
2022-02-17,313.46644337625537
2022-02-18,324.9945225953359
2022-02-21,327.20871040958053
2022-02-22,334.6234554866819
2022-02-23,330.610086669153
2022-02-24,326.8029216833703
2022-02-25,319.54563036515077
2022-02-28,318.2468083176998
2022-03-01,310.73344578850305
2022-03-02,310.1644287194412
2022-03-03,304.62446825885075
2022-03-04,300.5185388092789
2022-03-07,294.1683691826648
2022-03-08,290.582454675495
2022-03-09,294.9502348216167
2022-03-10,302.01145664580037
2022-03-11,294.05649921775586
2022-03-14,289.4084633881196
2022-03-15,278.8959728407456
2022-03-16,284.138631404158
2022-03-17,277.68886908134357
2022-03-18,282.91905691186844
2022-03-21,271.3058053100071
2022-03-22,276.62865781055353
2022-03-23,275.8780083272143
2022-03-24,276.9582871192534
2022-03-25,278.9694285852312
2022-03-28,285.7767844078729
2022-03-29,283.6444677625778
2022-03-30,281.2002596931674
2022-03-31,280.83423214504734
2022-04-01,288.0947640947909
2022-04-04,283.14829328158265
2022-04-05,289.77440400963064
2022-04-06,293.35727689856407
2022-04-07,308.000174739851
2022-04-08,321.270291245684
2022-04-11,327.52753083052846
2022-04-12,329.50768552197684
2022-04-13,325.4259984005742
2022-04-14,319.7515494945604
2022-04-15,318.1741831992071
2022-04-18,314.1901028538969
2022-04-19,328.59905627406476
2022-04-20,307.696653429637
2022-04-21,310.7904898994799
2022-04-22,315.45431145293145
2022-04-25,322.29673777554626
2022-04-26,319.21580770531034
2022-04-27,314.8858722300494
2022-04-28,306.22158195302967
2022-04-29,299.38225029646674
2022-05-02,296.1869240590156
2022-05-03,300.11229111109316
2022-05-04,299.6779169185275
2022-05-05,300.89522717502274
2022-05-06,303.1097600111753
2022-05-09,289.9751874846131
2022-05-10,290.8784050655563
2022-05-11,293.7714269367492
2022-05-12,288.3327195666447
2022-05-13,295.3198873788756
2022-05-16,302.61196912543215
2022-05-17,299.4224425030477
2022-05-18,299.7819976261255
2022-05-19,298.6829681396216
2022-05-20,298.4669272620959
2022-05-23,305.3091698353699
2022-05-24,293.2153467725734
2022-05-25,288.7682229900875
2022-05-26,292.1738726263687
2022-05-27,292.2296606609802
2022-05-30,292.89409608093825
2022-05-31,290.6366207778103
2022-06-01,288.77282298767324
2022-06-02,285.4224289971111
2022-06-03,293.10624196142686
2022-06-06,292.96550855833163
2022-06-07,294.2910475171769
2022-06-08,293.3399342512584
2022-06-09,292.4485704350787
2022-06-10,282.32274841425834
2022-06-13,270.82843523469097
2022-06-14,266.1470887456992
2022-06-15,257.63856401441484
2022-06-16,255.41847361967785
2022-06-17,254.01708787317997
2022-06-20,244.31119266939837
2022-06-21,246.96408130738217
2022-06-22,255.19469541636948
2022-06-23,261.00300967359146
2022-06-24,249.58635424876252
2022-06-27,248.6825216119044
2022-06-28,247.80740251519765
2022-06-29,244.9267391615085
2022-06-30,240.73973910813422
2022-07-01,237.8467364270599
2022-07-04,236.4944000241627
2022-07-05,232.66595244158339
2022-07-06,230.4012995822824
2022-07-07,236.21045811715626
2022-07-08,236.96849518596724
2022-07-11,237.65317635631118
2022-07-12,239.25678510710307
2022-07-13,238.19422171971317
2022-07-14,229.1660251086009
2022-07-15,223.75868863470487
2022-07-18,221.85110571776534
2022-07-19,219.44207223923013
2022-07-20,218.39815656259552
2022-07-21,212.61320230868012
2022-07-22,216.17532542013225
2022-07-25,217.85820605921597
2022-07-26,220.5946242693215
2022-07-27,221.13190149179002
2022-07-28,220.2962648504542
2022-07-29,217.5298066943764
2022-08-01,219.4987702665198
2022-08-02,218.78594742177336
2022-08-03,225.60202285428795
2022-08-04,223.2908313215796
2022-08-05,227.89951916652694
2022-08-08,220.15571309332762
2022-08-09,219.11513239564204
2022-08-10,213.58457031815936
2022-08-11,217.23636298930626
2022-08-12,217.818973898442
2022-08-15,216.42029728976473
2022-08-16,209.1227989924345
2022-08-17,202.1375072793459
2022-08-18,201.635442061458
2022-08-19,207.735401485383
2022-08-22,207.50592246948418
2022-08-23,208.488596550874
2022-08-24,209.9210395641421
2022-08-25,208.33199978998687
2022-08-26,211.19321060046374
2022-08-29,208.96897426633384
2022-08-30,214.3070509093197
2022-08-31,208.75780864148558
2022-09-01,205.10310683207004
2022-09-02,211.17389288498248
2022-09-05,212.09607266783956
2022-09-06,209.33470063295013
2022-09-07,210.28017540929045
2022-09-08,209.9606035471179
2022-09-09,210.8325054379666
2022-09-12,215.54021756554707
2022-09-13,217.52742803800137
2022-09-14,217.08114178161517
2022-09-15,217.44575090590138
2022-09-16,226.4880020859471
2022-09-19,230.72896541834947
2022-09-20,229.90618133194567
2022-09-21,236.54805118324583
2022-09-22,230.90237759681133
2022-09-23,231.57122324296878
2022-09-26,232.39946684031523
2022-09-27,228.82064555513676
2022-09-28,228.25212500297874
2022-09-29,227.56467818697777
2022-09-30,234.16304715404218
2022-10-03,230.81704435883785
2022-10-04,222.5871877778345
2022-10-05,230.68270415283737
2022-10-06,231.36727342157226
2022-10-07,239.59112586633384
2022-10-10,238.8890810760019
2022-10-11,240.19465780029725
2022-10-12,246.2991744776703
2022-10-13,240.41730135776754
2022-10-14,244.31475727973816
2022-10-17,233.39937795867374
2022-10-18,238.57338591577917
2022-10-19,238.82888814164465
2022-10-20,231.14896086496836
2022-10-21,226.47951231090792
2022-10-24,222.97755529802862
2022-10-25,223.62554390029348
2022-10-26,221.93295720503505
2022-10-27,223.42659243025963
2022-10-28,223.99558359388496
2022-10-31,222.48779298628426
2022-11-01,223.858023709632
2022-11-02,230.0058637139096
2022-11-03,235.07593959785225
2022-11-04,234.6784849256002
2022-11-07,228.14676088342384
2022-11-08,228.41923192890573
2022-11-09,228.678600459946
2022-11-10,229.0577645016625
2022-11-11,227.71919860831744
2022-11-14,224.35944402257635
2022-11-15,229.20592951555437
2022-11-16,222.18166584313394
2022-11-17,226.4267294318426
2022-11-18,222.55215268910538
2022-11-21,223.7396797927903
2022-11-22,224.88931583818427
2022-11-23,220.96990555159164
2022-11-24,221.95470575631333
2022-11-25,221.32154884314133
2022-11-28,227.64843897731618
2022-11-29,232.4057755021176
2022-11-30,230.4997408565586
2022-12-01,227.1930240231174
2022-12-02,223.87068429976745
2022-12-05,220.39166849250728
2022-12-06,220.77312394650505
2022-12-07,219.964062885474
2022-12-08,216.2278997883241
2022-12-09,221.9905504897865
2022-12-12,217.43871833350676
2022-12-13,222.58378819018614
2022-12-14,225.48129362383682
2022-12-15,222.35562924608786
2022-12-16,220.15260520710757
2022-12-19,213.85985317612153
2022-12-20,212.11773216746323
2022-12-21,206.18913822599768
2022-12-22,205.01689513503428
2022-12-23,201.4607734432523
2022-12-26,195.0195928377687
2022-12-27,188.23961342968337
2022-12-28,191.36387328053297
2022-12-29,188.23865037090317
2022-12-30,185.10910593160173
2023-01-02,192.991853901095
2023-01-03,196.3393865483065
2023-01-04,204.3165975928321
2023-01-05,207.09343150746938
2023-01-06,206.53020156356078
2023-01-09,204.96322687267028
2023-01-10,211.94040974101637
2023-01-11,207.73190104701462
2023-01-12,207.67021396948203
2023-01-13,203.7847346880063
2023-01-16,208.66677081809004
2023-01-17,204.908478646405
2023-01-18,201.34452375350128
2023-01-19,194.61295348803966
2023-01-20,194.51356828683228
2023-01-23,198.4368120248778
2023-01-24,203.23239951644538
2023-01-25,197.01347598362884
2023-01-26,196.61381958880835
2023-01-27,194.11446018123243
2023-01-30,199.88652426006033
2023-01-31,197.19602384044927
2023-02-01,195.78706083315663
2023-02-02,198.67851801437328
2023-02-03,197.04318795514425
2023-02-06,199.86685120857362
2023-02-07,204.79091711328093
2023-02-08,198.50320434956367
2023-02-09,199.29909332649362
2023-02-10,197.8783307240473
2023-02-13,198.48402075595436
2023-02-14,191.75466515941554
2023-02-15,199.19729633913062
2023-02-16,197.2811479521668
2023-02-17,188.0427742424508
2023-02-20,189.1108529967791
2023-02-21,188.18457979791813
2023-02-22,185.74492872937714
2023-02-23,188.49920746146176
2023-02-24,191.47633222855774
2023-02-27,192.8146732731369
2023-02-28,192.00795310755433
2023-03-01,191.47944249738788
2023-03-02,186.80046133655821
2023-03-03,186.11905254314274
2023-03-06,189.69345385429483
2023-03-07,190.28461303168694
2023-03-08,188.276185438832
2023-03-09,193.57392996720822
2023-03-10,197.67579868318575
2023-03-13,193.0481171491545
2023-03-14,185.97758121220005
2023-03-15,191.41702565776828
2023-03-16,193.09564034429297
2023-03-17,193.76146398581898
2023-03-20,191.49580451369184
2023-03-21,192.41199168201823
2023-03-22,198.51008347429075
2023-03-23,195.5949221156787
2023-03-24,201.29553195639218
2023-03-27,208.86741559039046
2023-03-28,207.30770160942848
2023-03-29,201.86606708309
2023-03-30,201.0450460756055
2023-03-31,206.38460391260008
2023-04-03,211.31248109322496
2023-04-04,215.04025968675737
2023-04-05,212.10000431120523
2023-04-06,213.34648504277416
2023-04-07,214.30670512231796
2023-04-10,227.60953863379308
2023-04-11,226.99060680842777
2023-04-12,225.2683408046628
2023-04-13,229.7511841984026
2023-04-14,229.60709926660357
2023-04-17,219.89217710831713
2023-04-18,215.88160190041177
2023-04-19,213.89847294904212
2023-04-20,219.78960383752818
2023-04-21,219.9836583260248
2023-04-24,227.05172206079217
2023-04-25,229.32617791893932
2023-04-26,230.16832675269623
2023-04-27,226.33459293761857
2023-04-28,231.08705509955146
2023-05-01,229.59800653894052
2023-05-02,217.97696696238967
2023-05-03,215.45061401023054
2023-05-04,213.51666471569033
2023-05-05,215.57289627376676
2023-05-08,211.05976179750792
2023-05-09,217.0700735493799
2023-05-10,214.05608580792347
2023-05-11,220.5798270260222
2023-05-12,223.53578754080158
2023-05-15,214.16216327125449
2023-05-16,195.87417795920018
2023-05-17,194.92905392769322
2023-05-18,197.00404730134824
2023-05-19,197.8723705102115
2023-05-22,200.20234604029287
2023-05-23,195.67693537586456
2023-05-24,196.68243431408874
2023-05-25,196.23383799403803
2023-05-26,198.57563098717114
2023-05-29,193.30328767965025
2023-05-30,191.59474165019844
2023-05-31,193.22681119950133
2023-06-01,196.7081802511711
2023-06-02,199.2966059249941
2023-06-05,197.7731740618782
2023-06-06,199.30925700380976
2023-06-07,203.26820162709075
2023-06-08,203.87409483874671
2023-06-09,200.25595217541073
2023-06-12,205.17202328546668
2023-06-13,199.93532543385086
2023-06-14,198.4061406942026
2023-06-15,203.10101458892873
2023-06-16,202.37998051523402
2023-06-19,209.97030301438318
2023-06-20,213.0992727782431
2023-06-21,215.97391866579832
2023-06-22,209.3288438387272
2023-06-23,205.73395908907634
2023-06-26,202.50933910229577
2023-06-27,210.17820084754962
2023-06-28,217.1854577469992
2023-06-29,214.60476179438723
2023-06-30,214.0285887131752
2023-07-03,222.73433673641478
2023-07-04,220.5812926651884
2023-07-05,217.29115744052604
2023-07-06,217.39950918588482
2023-07-07,212.33019771255107
2023-07-10,208.61406849996945
2023-07-11,207.88196977475752
2023-07-12,210.0229170630171
2023-07-13,205.76845236879961
2023-07-14,207.49582210189462
2023-07-17,207.71088563515025
2023-07-18,211.89250883781557
2023-07-19,212.31996708611513
2023-07-20,211.43899944353348
2023-07-21,217.4084372533119
2023-07-24,221.14626169841557
2023-07-25,215.5495557415999
2023-07-26,214.50263708821387
2023-07-27,209.0562356901613
2023-07-28,204.58969282447808
2023-07-31,201.3170780365414
2023-08-01,202.70369354783983
2023-08-02,198.78078591061384
2023-08-03,200.31283136683598
2023-08-04,196.95701984800138
2023-08-07,195.25055164677988
2023-08-08,196.41279971240186
2023-08-09,194.23193504197963
2023-08-10,191.04640738967706
2023-08-11,192.50758133891256
2023-08-14,188.9946170980387
2023-08-15,182.9284570055904
2023-08-16,187.22132657050722
2023-08-17,184.76757223391834
2023-08-18,180.18161640124077
2023-08-21,184.32529616792164
2023-08-22,187.6088291835465
2023-08-23,183.60269809424472
2023-08-24,182.6562835493959
2023-08-25,179.37237784568183
2023-08-28,174.75701993443485
2023-08-29,178.55535148773043
2023-08-30,175.0102567787039
2023-08-31,174.34796018216352
2023-09-01,178.39394945125792
2023-09-04,176.01568062865383
2023-09-05,175.06618744034307
2023-09-06,168.65212330981893
2023-09-07,161.46323234219452
2023-09-08,158.49504756989873
2023-09-11,158.0677590245949
2023-09-12,160.5086596889861
2023-09-13,158.63965033788057
2023-09-14,153.4699579317793
2023-09-15,151.7833473955008
2023-09-18,154.93806953083677
2023-09-19,156.10831167104527
2023-09-20,155.9506049518468
2023-09-21,155.67683224547736
2023-09-22,159.15700385232654
2023-09-25,161.7601281263662
2023-09-26,160.53980311976488
2023-09-27,165.06505201137168
2023-09-28,171.97518055338378
2023-09-29,174.60379975047408
2023-10-02,175.32149440537432
2023-10-03,169.62143165996346
2023-10-04,173.6661561246182
2023-10-05,175.10938641741
2023-10-06,173.141937012419
2023-10-09,175.13937323094882
2023-10-10,169.92986755657853
2023-10-11,172.8635320773928
2023-10-12,171.31267305325048
2023-10-13,173.53033380862314
2023-10-16,169.07102176652708
2023-10-17,165.40571022536162
2023-10-18,159.21893054442558
2023-10-19,163.0086551842727
2023-10-20,170.25147125968314
2023-10-23,172.04448883763496
2023-10-24,176.13523350016405
2023-10-25,173.73497766523067
2023-10-26,175.0698233293216
2023-10-27,166.52840837053043
2023-10-30,165.60817594406302
2023-10-31,171.1752333114497
2023-11-01,171.0965573305151
2023-11-02,171.34997483535233
2023-11-03,172.1590835698407
2023-11-06,172.0882716523262
2023-11-07,172.12834296742005
2023-11-08,172.6225802851979
2023-11-09,171.63447923941476
2023-11-10,170.21520053645438
2023-11-13,169.50424685231056
2023-11-14,172.12442170208502
2023-11-15,170.57338645355645
2023-11-16,165.18575669622814
2023-11-17,162.77866492454672
2023-11-20,165.11466542439976
2023-11-21,167.93835859325492
2023-11-22,171.64204984537255
2023-11-23,166.5144085766465
2023-11-24,165.93133464179022
2023-11-27,171.31268334132866
2023-11-28,167.9620279810065
2023-11-29,172.36197851295557
2023-11-30,173.65327508396996
2023-12-01,172.31514724270625
2023-12-04,173.61891154761912
2023-12-05,174.47579875149802
2023-12-06,170.06878005766782
2023-12-07,167.01704360288178
2023-12-08,161.85901675395124
2023-12-11,164.0551747985731
2023-12-12,164.8117142718771
2023-12-13,160.44419308065457
2023-12-14,160.03415342138342
2023-12-15,160.8627109434641
2023-12-18,159.49095935661782
2023-12-19,155.75133755200747
2023-12-20,153.75355023910024
2023-12-21,152.01918466270547
2023-12-22,153.69453849879054
2023-12-25,152.3931805544629
2023-12-26,148.65737165927482
2023-12-27,150.31764453377764
2023-12-28,152.9572686597739
2023-12-29,153.13883162416158
2024-01-01,155.647886357793
2024-01-02,155.76355317478334
2024-01-03,152.66041713360013
2024-01-04,150.70775096275057
2024-01-05,146.89516497092708
2024-01-08,146.13673627747468
2024-01-09,150.72131944229727
2024-01-10,150.45603119507965
2024-01-11,150.91806091633282
2024-01-12,149.02447171255452
2024-01-15,151.25494620855554
2024-01-16,157.85339912957141
2024-01-17,160.80310674566516
2024-01-18,164.1424096038993
2024-01-19,163.09717598143737
2024-01-22,162.11315100164242
2024-01-23,158.51077591057802
2024-01-24,161.9435229692958
2024-01-25,161.51605249418927
2024-01-26,158.22580887837805
2024-01-29,162.10743839741582
2024-01-30,161.19561130769432
2024-01-31,157.82759068575464
2024-02-01,160.66872018118505
2024-02-02,157.04695995237128
2024-02-05,155.44397069522645
2024-02-06,153.74719525895534
2024-02-07,154.01946808564935
2024-02-08,152.97917958265174
2024-02-09,159.54751059003908
2024-02-12,149.89928912868237
2024-02-13,144.65317203969715
2024-02-14,146.67896655624418
2024-02-15,146.6292321229812
2024-02-16,147.8502256024751
2024-02-19,151.9033588225237
2024-02-20,153.80811369601884
2024-02-21,153.20510572438977
2024-02-22,153.15702267582571
2024-02-23,159.81348376716142
2024-02-26,158.237025246695
2024-02-27,158.4760037363945
2024-02-28,155.18486526724294
2024-02-29,158.20507933669242
2024-03-01,160.57434627405772
2024-03-04,154.33445361031525
2024-03-05,154.76645188776544
2024-03-06,150.3869724779707
2024-03-07,144.51640594111856
2024-03-08,144.81701444829227
2024-03-11,145.1150735924853
2024-03-12,141.4972506435184
2024-03-13,141.92890221247603
2024-03-14,143.2042890419368
2024-03-15,143.97379513265273
2024-03-18,149.8648305607059
2024-03-19,142.2560953602898
2024-03-20,141.9621607325987
2024-03-21,140.89449415927155
2024-03-22,139.3692930165583
2024-03-25,141.64757708793428
2024-03-26,141.3695679736222
2024-03-27,142.19282982448382
2024-03-28,142.76561820323187
2024-03-29,141.48346128328106
2024-04-01,142.4845459397831
2024-04-02,144.67536818240427
2024-04-03,148.116564985701
2024-04-04,147.11114483324585
2024-04-05,142.75293978593106
2024-04-08,142.84567041787167
2024-04-09,143.4420871192371
2024-04-10,147.8151241771593
2024-04-11,148.42411577772566
2024-04-12,151.7332943605982
2024-04-15,147.44885958420775
2024-04-16,145.7888814734671
2024-04-17,140.7032448734883
2024-04-18,137.57992098430762
2024-04-19,131.19328726432494
2024-04-22,126.9671444696359
2024-04-23,125.70192791544422
2024-04-24,124.51820574971552
2024-04-25,124.16886989557243
2024-04-26,123.827473366737
2024-04-29,123.85982159792177
2024-04-30,122.28358222320279
2024-05-01,122.26782032873592
2024-05-02,120.59539859486658
2024-05-03,119.90689636266585
2024-05-06,113.79899075282768
2024-05-07,114.92880355461372
2024-05-08,113.11292520036888
2024-05-09,115.50740797180701
2024-05-10,113.56921995412348
2024-05-13,110.79010801266259
2024-05-14,109.22552182836893
2024-05-15,108.71201045973831
2024-05-16,108.83213458846373
2024-05-17,111.70267725242994
2024-05-20,114.47046669918558
2024-05-21,112.90421506508608
2024-05-22,118.37290281859141
2024-05-23,117.31753903684644
2024-05-24,114.31806317593308
2024-05-27,112.52469621559537
2024-05-28,111.85410513530437
2024-05-29,106.14996753582699
2024-05-30,104.20147370309542
2024-05-31,102.90829579467204
2024-06-03,101.91588894273247
2024-06-04,101.69088821206945
2024-06-05,103.58197364298707
2024-06-06,105.82335087739833
2024-06-07,104.99731271829634
2024-06-10,105.09631309338052
2024-06-11,101.85820202876272
2024-06-12,101.97309760295379
2024-06-13,106.19368116925001
2024-06-14,104.91524919185694
2024-06-17,105.0570154406459
2024-06-18,106.53333495158346
2024-06-19,110.06562471952938
2024-06-20,105.93959953880713
2024-06-21,100.70042183295811
2024-06-24,99.95437142968368
2024-06-25,101.00349051863756
2024-06-26,103.06685064778081
2024-06-27,104.392127836034
2024-06-28,106.13765750895101
2024-07-01,105.7308290299535
2024-07-02,106.3614680894722
2024-07-03,105.82415164836864
2024-07-04,106.18819722804317
2024-07-05,106.48288645674154
2024-07-08,101.1945503634085
2024-07-09,98.49206613993115
2024-07-10,101.05757847814797
2024-07-11,101.42896199811247
2024-07-12,101.00802345157545
2024-07-15,103.78385740726796
2024-07-16,105.12264225945658
2024-07-17,106.08199472197455
2024-07-18,106.38699160526015
2024-07-19,104.64031326156183
2024-07-22,108.49475169619953
2024-07-23,112.72076684464093
2024-07-24,113.67779004084494
2024-07-25,111.04935034557539
2024-07-26,111.17734644213579
2024-07-29,109.67334396713656
2024-07-30,106.39535522057697
2024-07-31,106.82700512313197
2024-08-01,109.65335870768091
2024-08-02,108.65259894489076
2024-08-05,110.54268106395395
2024-08-06,110.32463308324304
2024-08-07,112.60479143116879
2024-08-08,111.99639288376996
2024-08-09,109.12017950270288
2024-08-12,107.9095988147398
2024-08-13,104.89264874929496
2024-08-14,106.79461759410248
2024-08-15,107.4356224435569
2024-08-16,104.16368951114902
2024-08-19,104.80119782043785
2024-08-20,104.59633340835748
2024-08-21,104.92744986474575
2024-08-22,103.41451745120722
2024-08-23,103.67833814592805
2024-08-26,104.30390138704045
2024-08-27,105.54672797090406
2024-08-28,107.62178655398192
2024-08-29,106.7324703911876
2024-08-30,110.85641781887499
2024-09-02,111.03134001765174
2024-09-03,110.02496907611004
2024-09-04,109.28095294371839
2024-09-05,107.39490548916575
2024-09-06,109.8831202245724
2024-09-09,111.69994827230802
2024-09-10,114.54203976668434
2024-09-11,115.23510046769569
2024-09-12,114.55046679300453
2024-09-13,115.36152526482785
2024-09-16,111.94822630914159
2024-09-17,112.37688277497566
2024-09-18,111.75760373745831
2024-09-19,108.17072704708563
2024-09-20,111.17563300286893
2024-09-23,112.03827035049609
2024-09-24,110.96539249373308
2024-09-25,110.57307887096219
2024-09-26,108.15774894398592
2024-09-27,107.40697311230748
2024-09-30,106.69237504068535
2024-10-01,105.89572742703007
2024-10-02,110.67123919275261
2024-10-03,111.02188973242221
2024-10-04,108.46242457416942
2024-10-07,106.26759525071277
2024-10-08,104.74272956544264
2024-10-09,100.68932447828482
2024-10-10,100.95396114751338
2024-10-11,97.89753695266334
2024-10-14,98.41838395231025
2024-10-15,98.90459208932644
2024-10-16,101.97373503163594
2024-10-17,104.87970265457982
2024-10-18,110.92988113835709
2024-10-21,111.96873224738884
2024-10-22,111.55972131457102
2024-10-23,116.97330917284064
2024-10-24,118.75629724912726
2024-10-25,116.78269396527952
2024-10-28,117.13640219559782
2024-10-29,115.40365568170297
2024-10-30,115.91156944901223
2024-10-31,114.41065921254835
2024-11-01,116.12787814482348
2024-11-04,114.86672660375184
2024-11-05,118.19041665413226
2024-11-06,121.08831013024044
2024-11-07,118.76201966315799
2024-11-08,117.4312562456924
2024-11-11,113.76376129158169
2024-11-12,112.44845741734551
2024-11-13,113.51244538709591
2024-11-14,111.95968623800077
2024-11-15,111.28791600075448
2024-11-18,111.31761551070078
2024-11-19,110.69284727560385
2024-11-20,108.46373191639186
2024-11-21,105.93119514493736
2024-11-22,102.45615497850832
2024-11-25,105.93555655441997
2024-11-26,107.06566355856368
2024-11-27,106.86391814884122
2024-11-28,106.69038981565535
2024-11-29,106.4857820136246
2024-12-02,106.39763141208316
2024-12-03,106.73998608115524
2024-12-04,105.18431705636698
2024-12-05,103.08373444514473
2024-12-06,105.44103141274975
2024-12-09,104.29559067216103
2024-12-10,108.7256266349346
2024-12-11,109.51701399680104
2024-12-12,107.71539483818468
2024-12-13,107.51030689858325
2024-12-16,109.85539134252623
2024-12-17,111.9196961199641
2024-12-18,108.99485764375163
2024-12-19,107.47820318676645
2024-12-20,104.8946060646038
2024-12-23,103.5100929079874
2024-12-24,105.60166325373021
2024-12-25,108.01517060024226
2024-12-26,109.04755637929308
2024-12-27,106.46030138175594
2024-12-30,106.24223140968624
2024-12-31,104.8285842881809
