Date,ORLY
2020-01-01,283.7967120948044
2020-01-02,282.3752308682727
2020-01-03,279.1821117491239
2020-01-06,275.20758135998017
2020-01-07,282.7034745562307
2020-01-08,293.0032938849236
2020-01-09,291.8365258424764
2020-01-10,302.2860528153076
2020-01-13,316.10690438031753
2020-01-14,320.74722839417404
2020-01-15,327.58540892595187
2020-01-16,327.3762857606909
2020-01-17,332.4211265170135
2020-01-20,336.45065015655223
2020-01-21,340.3879335609205
2020-01-22,343.5393858131231
2020-01-23,352.5426230966081
2020-01-24,354.04188601486806
2020-01-27,352.1538397763025
2020-01-28,347.11208604273963
2020-01-29,343.3670732708864
2020-01-30,341.9642064893484
2020-01-31,344.7504120166395
2020-02-03,342.33070674086264
2020-02-04,340.65527894931097
2020-02-05,350.90849097218177
2020-02-06,355.0591938058344
2020-02-07,355.10284721009833
2020-02-10,360.13531567150727
2020-02-11,362.9863904996862
2020-02-12,355.61995138478215
2020-02-13,360.6912289659644
2020-02-14,353.50884522498995
2020-02-17,362.44356298072194
2020-02-18,361.61581596022023
2020-02-19,362.4470893069409
2020-02-20,364.41966318620877
2020-02-21,361.6191249505081
2020-02-24,359.1955957201217
2020-02-25,355.5995246671533
2020-02-26,355.4587834315102
2020-02-27,360.0274145910851
2020-02-28,354.078324482091
2020-03-02,353.06750790742484
2020-03-03,361.2446179421365
2020-03-04,360.2195212895965
2020-03-05,361.79372776549656
2020-03-06,366.8475215814545
2020-03-09,364.82603918074005
2020-03-10,355.40350727369537
2020-03-11,357.81348885693785
2020-03-12,364.9919562774071
2020-03-13,363.78393963132635
2020-03-16,365.13405439442164
2020-03-17,363.29079847005386
2020-03-18,368.4055467475675
2020-03-19,370.97277021121926
2020-03-20,359.8756531286191
2020-03-23,360.4326652863673
2020-03-24,363.5307259492194
2020-03-25,380.80381291782874
2020-03-26,381.37743418725336
2020-03-27,378.3298571011208
2020-03-30,380.86124258559147
2020-03-31,377.4403715990504
2020-04-01,381.6749999155991
2020-04-02,380.32689302023397
2020-04-03,383.91643728846844
2020-04-06,373.76026756151674
2020-04-07,370.27084475374363
2020-04-08,369.2173963831459
2020-04-09,377.39278674055106
2020-04-10,383.4290368514727
2020-04-13,389.21055663033763
2020-04-14,389.648490906883
2020-04-15,383.51077523253934
2020-04-16,374.7952874413621
2020-04-17,376.07175392222734
2020-04-20,375.88896372399364
2020-04-21,375.94217133939196
2020-04-22,379.40431721695086
2020-04-23,394.07312035767745
2020-04-24,396.8893486959018
2020-04-27,401.6630323462743
2020-04-28,397.0846319636023
2020-04-29,387.599099803471
2020-04-30,399.72072354003234
2020-05-01,395.43989500578556
2020-05-04,395.29164753668925
2020-05-05,396.98953059405187
2020-05-06,391.3286471552281
2020-05-07,388.0333158563389
2020-05-08,384.6317497892356
2020-05-11,374.86625970761105
2020-05-12,380.5207503843746
2020-05-13,380.8231245420254
2020-05-14,390.90670287193916
2020-05-15,393.99660708364047
2020-05-18,389.73450904665253
2020-05-19,397.32243326218133
2020-05-20,396.5325365784239
2020-05-21,396.1319576667718
2020-05-22,400.257687343696
2020-05-25,388.9462044763707
2020-05-26,401.45414877657225
2020-05-27,398.74705522384653
2020-05-28,376.7127383817217
2020-05-29,376.30084486940245
2020-06-01,364.49285854434424
2020-06-02,360.7842914097621
2020-06-03,357.88077162939146
2020-06-04,358.0343270847771
2020-06-05,351.2455249445509
2020-06-08,349.06565131340045
2020-06-09,346.2776340501132
2020-06-10,345.9557759032719
2020-06-11,347.9616006513607
2020-06-12,346.8163397986116
2020-06-15,342.6513477533811
2020-06-16,343.25217699075665
2020-06-17,351.63670300749845
2020-06-18,352.9342220196095
2020-06-19,349.08931871461107
2020-06-22,341.7256475854667
2020-06-23,336.02086092156367
2020-06-24,339.16847927788797
2020-06-25,332.7010938889121
2020-06-26,330.1509175352209
2020-06-29,331.8046551267653
2020-06-30,333.89626753809966
2020-07-01,328.1379728507209
2020-07-02,327.4723528801216
2020-07-03,327.52863778801907
2020-07-06,340.65052745393194
2020-07-07,331.23227933574805
2020-07-08,334.9858530864932
2020-07-09,345.7754880900228
2020-07-10,352.5971939485536
2020-07-13,357.5366020964193
2020-07-14,347.0319081666084
2020-07-15,345.9887513623394
2020-07-16,346.2274665672086
2020-07-17,340.1730122687665
2020-07-20,346.2151184225593
2020-07-21,353.3511881959469
2020-07-22,353.9345173358655
2020-07-23,349.79519884845814
2020-07-24,345.57111459110615
2020-07-27,334.6849598068793
2020-07-28,334.7379657165794
2020-07-29,332.8586455747716
2020-07-30,337.06091197070214
2020-07-31,338.5231407027061
2020-08-03,342.40805605982393
2020-08-04,349.604864607737
2020-08-05,356.49013554566
2020-08-06,361.4677691033519
2020-08-07,374.39373729514875
2020-08-10,375.372038012
2020-08-11,370.05947836204683
2020-08-12,373.9504587801865
2020-08-13,368.77116019864445
2020-08-14,376.9070354190345
2020-08-17,377.6177196621908
2020-08-18,374.47829762312136
2020-08-19,366.2389078022619
2020-08-20,364.7967989505031
2020-08-21,368.9321909295019
2020-08-24,376.3985271683554
2020-08-25,368.10932828429173
2020-08-26,370.84955917423906
2020-08-27,371.5045407624253
2020-08-28,372.6790811278437
2020-08-31,356.3177515846513
2020-09-01,359.99260639267106
2020-09-02,369.4779946832586
2020-09-03,361.084072337495
2020-09-04,359.89362452825037
2020-09-07,372.36359771288454
2020-09-08,380.49500271804527
2020-09-09,386.97607738260314
2020-09-10,393.56297998663456
2020-09-11,392.30653772793335
2020-09-14,386.2614252821034
2020-09-15,383.4581842702727
2020-09-16,384.09374372510706
2020-09-17,387.7973576877693
2020-09-18,380.3860936616148
2020-09-21,386.4178641547884
2020-09-22,387.10905462151885
2020-09-23,399.9545995904049
2020-09-24,406.57096472765335
2020-09-25,395.0509620985911
2020-09-28,385.1680956259469
2020-09-29,386.2417101376665
2020-09-30,394.4274109282575
2020-10-01,385.73970741193205
2020-10-02,381.48932430579265
2020-10-05,396.91468246423364
2020-10-06,398.2124458423384
2020-10-07,400.63315894998607
2020-10-08,422.4674927138823
2020-10-09,426.0495108862983
2020-10-12,426.04508534646305
2020-10-13,423.31964565356924
2020-10-14,420.6789513994495
2020-10-15,430.21144862636885
2020-10-16,425.0262386118026
2020-10-19,424.10398444200837
2020-10-20,426.7910507797868
2020-10-21,430.43148715022807
2020-10-22,429.6787365721947
2020-10-23,434.90216054288595
2020-10-26,426.7417044185055
2020-10-27,434.1791450952059
2020-10-28,436.6336519427902
2020-10-29,443.72702636282435
2020-10-30,433.82181025340344
2020-11-02,441.7874763602318
2020-11-03,449.359686472985
2020-11-04,446.1878073427188
2020-11-05,447.80268316206474
2020-11-06,443.2949838536434
2020-11-09,450.03039653758924
2020-11-10,452.5623366096352
2020-11-11,453.91468772228757
2020-11-12,462.7897854672593
2020-11-13,471.113074386472
2020-11-16,461.8406763361983
2020-11-17,475.3155108821288
2020-11-18,480.06709210752734
2020-11-19,472.66661689744376
2020-11-20,485.40601817824427
2020-11-23,471.4166898629665
2020-11-24,461.7812784687301
2020-11-25,450.932068629845
2020-11-26,457.1321555487073
2020-11-27,454.86472296220734
2020-11-30,459.26629925219896
2020-12-01,469.3157067487943
2020-12-02,480.07482205266433
2020-12-03,476.4126174347152
2020-12-04,486.7454382116872
2020-12-07,485.54937664181386
2020-12-08,479.8844394692747
2020-12-09,459.83986548169923
2020-12-10,458.0146968858849
2020-12-11,464.6480307327869
2020-12-14,478.71316330886845
2020-12-15,477.4638002674623
2020-12-16,473.57476890076344
2020-12-17,486.05783462195194
2020-12-18,479.72615788748624
2020-12-21,495.47140447144255
2020-12-22,506.92282875460154
2020-12-23,519.107935848078
2020-12-24,532.6925244217439
2020-12-25,511.0621173390355
2020-12-28,522.7409887492366
2020-12-29,529.4241572256833
2020-12-30,529.2424233336783
2020-12-31,523.6081113570937
2021-01-01,513.1250259479114
2021-01-04,521.0701609598029
2021-01-05,523.2715591348848
2021-01-06,532.7461072399997
2021-01-07,542.2435934912634
2021-01-08,547.645743427189
2021-01-11,535.1423690260341
2021-01-12,531.3694981253282
2021-01-13,537.7734602907619
2021-01-14,551.4726720053801
2021-01-15,540.9411844025799
2021-01-18,537.8716670652603
2021-01-19,534.6994703133464
2021-01-20,528.4803280845696
2021-01-21,522.1856867385854
2021-01-22,512.5383682297406
2021-01-25,502.24996176597756
2021-01-26,498.8568783143088
2021-01-27,505.8681271550168
2021-01-28,494.13863108366394
2021-01-29,497.78282462573895
2021-02-01,496.0119533862993
2021-02-02,520.5491707342582
2021-02-03,518.2220013346555
2021-02-04,523.3842861809447
2021-02-05,514.2212338204426
2021-02-08,499.4885912225059
2021-02-09,512.6068506719641
2021-02-10,529.747003275183
2021-02-11,518.0085038607081
2021-02-12,505.4460458254099
2021-02-15,498.88843143678275
2021-02-16,499.48330209819625
2021-02-17,481.28768156089376
2021-02-18,479.27810058506867
2021-02-19,467.3697290903057
2021-02-22,488.32160800761784
2021-02-23,488.1535794616737
2021-02-24,489.0050097878282
2021-02-25,493.4239498754125
2021-02-26,481.6149251863709
2021-03-01,483.161186839081
2021-03-02,496.3321225252527
2021-03-03,496.59716168849405
2021-03-04,513.1554867289768
2021-03-05,509.3238916966205
2021-03-08,521.5221493904353
2021-03-09,504.4132040091589
2021-03-10,511.82331159273946
2021-03-11,516.2153374383555
2021-03-12,520.2133910010566
2021-03-15,533.3351701140232
2021-03-16,541.336783894975
2021-03-17,553.514947677281
2021-03-18,553.0538022768279
2021-03-19,536.7608880011115
2021-03-22,543.7263893826747
2021-03-23,543.0436696273401
2021-03-24,532.9082475303297
2021-03-25,539.529485007255
2021-03-26,541.5631145251759
2021-03-29,546.940643879425
2021-03-30,544.3642594138693
2021-03-31,543.1008410984707
2021-04-01,545.3401410479704
2021-04-02,553.8970391420822
2021-04-05,555.8142799694473
2021-04-06,570.5834316775229
2021-04-07,568.1026961420981
2021-04-08,560.6440304289163
2021-04-09,559.0046242153168
2021-04-12,559.721910467833
2021-04-13,560.1349463506147
2021-04-14,556.9746033247051
2021-04-15,569.9405051568559
2021-04-16,554.2819648969834
2021-04-19,533.8465626277368
2021-04-20,508.8994828516406
2021-04-21,505.1167637370571
2021-04-22,496.50943523234145
2021-04-23,492.3900022391107
2021-04-26,480.67703283656675
2021-04-27,485.3556707631259
2021-04-28,481.8606371071005
2021-04-29,480.9913236498871
2021-04-30,487.8659978347785
2021-05-03,470.71033865711087
2021-05-04,469.78214560062804
2021-05-05,454.15827864033685
2021-05-06,454.8454096161658
2021-05-07,457.9439076843167
2021-05-10,470.236880900957
2021-05-11,461.137684247436
2021-05-12,465.57578677642505
2021-05-13,450.02806149249164
2021-05-14,448.84803812648187
2021-05-17,433.3948937937335
2021-05-18,437.0452776528827
2021-05-19,442.98243701376003
2021-05-20,437.7256758223036
2021-05-21,458.7075232834472
2021-05-24,455.99337979956414
2021-05-25,465.3360473015782
2021-05-26,462.5119092614128
2021-05-27,467.9943534399189
2021-05-28,469.5776135299528
2021-05-31,474.21132305478545
2021-06-01,482.17232529147486
2021-06-02,496.74131167275743
2021-06-03,493.3655028641766
2021-06-04,498.68082678230013
2021-06-07,501.211191866128
2021-06-08,488.379774262568
2021-06-09,464.3006510620928
2021-06-10,462.2197302823765
2021-06-11,461.768452257985
2021-06-14,467.2083360747228
2021-06-15,458.81469378189075
2021-06-16,460.78565471474775
2021-06-17,458.1484944901693
2021-06-18,457.6045396858161
2021-06-21,466.24642598489766
2021-06-22,467.0265293139361
2021-06-23,476.51154329386304
2021-06-24,473.38042815162026
2021-06-25,469.64551440431046
2021-06-28,472.6580940764408
2021-06-29,493.7822863679102
2021-06-30,494.99727070953446
2021-07-01,482.98052886951956
2021-07-02,485.270360139742
2021-07-05,471.534549591157
2021-07-06,468.55504462533116
2021-07-07,471.66320778277196
2021-07-08,479.52525017344146
2021-07-09,490.65726916837946
2021-07-12,491.65638269313047
2021-07-13,487.886354114816
2021-07-14,476.50933633161617
2021-07-15,465.5838119426063
2021-07-16,477.7919138082811
2021-07-19,467.6731979764402
2021-07-20,451.7058801826224
2021-07-21,449.3305041189341
2021-07-22,446.2907492633854
2021-07-23,442.6008662026246
2021-07-26,430.4476110558236
2021-07-27,429.87129606681094
2021-07-28,429.6330158767317
2021-07-29,431.86458411473757
2021-07-30,417.4704504137499
2021-08-02,433.38256326932327
2021-08-03,436.4457310259795
2021-08-04,437.0659084932081
2021-08-05,443.57546989251335
2021-08-06,434.4776123121807
2021-08-09,445.79937113489547
2021-08-10,448.664783106131
2021-08-11,452.0629357784501
2021-08-12,460.8443125821994
2021-08-13,472.8930083443903
2021-08-16,464.78419751661835
2021-08-17,480.6607841607912
2021-08-18,474.7154854721597
2021-08-19,471.98588486221263
2021-08-20,474.0597148846298
2021-08-23,501.57319548732505
2021-08-24,511.88915057847674
2021-08-25,508.9357043807332
2021-08-26,509.265632721116
2021-08-27,511.3714672193803
2021-08-30,521.7979323237697
2021-08-31,512.5322349707372
2021-09-01,522.4328468516683
2021-09-02,533.2806634743883
2021-09-03,525.8699647460963
2021-09-06,525.6556131322246
2021-09-07,511.6861100200571
2021-09-08,511.9579587790447
2021-09-09,510.598778464173
2021-09-10,520.4880848040148
2021-09-13,520.8750620895203
2021-09-14,523.0579780623441
2021-09-15,511.7146096599197
2021-09-16,506.8869977311894
2021-09-17,507.82336886249516
2021-09-20,516.9944180947793
2021-09-21,515.0516127148953
2021-09-22,516.2803691980477
2021-09-23,515.0788710401869
2021-09-24,522.238037042242
2021-09-27,517.1380309657425
2021-09-28,536.1183723228723
2021-09-29,536.9550445448417
2021-09-30,547.4098512123717
2021-10-01,554.8244305696193
2021-10-04,554.224339397377
2021-10-05,562.2960528630856
2021-10-06,567.6864669203655
2021-10-07,572.4736747740184
2021-10-08,583.1521450913106
2021-10-11,596.0914045387382
2021-10-12,606.0900254407871
2021-10-13,622.6770921258396
2021-10-14,615.5733462779835
2021-10-15,623.0528653843486
2021-10-18,594.1195322142019
2021-10-19,581.5676647664741
2021-10-20,571.2096838814319
2021-10-21,579.1641298530818
2021-10-22,581.5278228342311
2021-10-25,583.1996394422541
2021-10-26,603.1975441659968
2021-10-27,629.711884263286
2021-10-28,619.372879078039
2021-10-29,615.5067518139188
2021-11-01,611.8973120976136
2021-11-02,607.9262760665529
2021-11-03,605.4433191810368
2021-11-04,606.5082866991816
2021-11-05,603.6814894887274
2021-11-08,600.5102529219333
2021-11-09,599.8951694815083
2021-11-10,577.8840758585089
2021-11-11,588.9540115341241
2021-11-12,579.9212038477053
2021-11-15,592.3022154989505
2021-11-16,582.7436828840482
2021-11-17,602.2753017949188
2021-11-18,585.8508935505558
2021-11-19,585.060621815179
2021-11-22,591.6474571281224
2021-11-23,592.8627286217197
2021-11-24,588.6737211313648
2021-11-25,599.5746880491153
2021-11-26,593.9797909790208
2021-11-29,592.2155024646897
2021-11-30,582.3208674468582
2021-12-01,564.961707762997
2021-12-02,558.490300924417
2021-12-03,545.012443921686
2021-12-06,542.4633681447142
2021-12-07,540.9333238216785
2021-12-08,544.1760241316849
2021-12-09,548.4442551294904
2021-12-10,565.9255238278384
2021-12-13,565.3531974534222
2021-12-14,568.1462728575576
2021-12-15,569.6743875902424
2021-12-16,572.1737016712761
2021-12-17,578.6349073408238
2021-12-20,587.0967935993112
2021-12-21,605.5877606201452
2021-12-22,595.1970688853272
2021-12-23,594.107053386924
2021-12-24,612.2283983391366
2021-12-27,596.1655348555878
2021-12-28,610.5346626485324
2021-12-29,635.245778032316
2021-12-30,643.3427133381051
2021-12-31,660.7617074255766
2022-01-03,643.0984953064058
2022-01-04,643.5463815858335
2022-01-05,654.1269498152639
2022-01-06,654.120854542826
2022-01-07,659.2062519424577
2022-01-10,661.6897757807042
2022-01-11,661.7173228484579
2022-01-12,678.5692407360436
2022-01-13,673.9603032347402
2022-01-14,675.3041171430747
2022-01-17,686.7555002883798
2022-01-18,687.6079128466567
2022-01-19,686.0028515411624
2022-01-20,673.0301334745642
2022-01-21,664.9254170457872
2022-01-24,662.2530267246196
2022-01-25,654.7001888319261
2022-01-26,657.2802288474139
2022-01-27,654.7811058009089
2022-01-28,657.8061571562982
2022-01-31,645.3436315588165
2022-02-01,651.5193882959971
2022-02-02,661.5840430710947
2022-02-03,661.3872199859832
2022-02-04,654.739975755859
2022-02-07,646.9863165863916
2022-02-08,659.5707652791181
2022-02-09,663.8435106929034
2022-02-10,678.3380524600976
2022-02-11,691.7668827518523
2022-02-14,682.8274314318883
2022-02-15,679.8267999080505
2022-02-16,702.1712733953595
2022-02-17,703.4832473602373
2022-02-18,707.0926559387101
2022-02-21,699.6671367442486
2022-02-22,717.1578493019676
2022-02-23,734.7790751055729
2022-02-24,753.7773579576531
2022-02-25,751.5788851560686
2022-02-28,753.9908512870134
2022-03-01,761.1731661656555
2022-03-02,746.1264203929717
2022-03-03,749.6310437068731
2022-03-04,724.0485691966604
2022-03-07,742.7945449824653
2022-03-08,757.9857267892972
2022-03-09,775.937585359095
2022-03-10,796.3983387520325
2022-03-11,774.2100669812071
2022-03-14,783.6006095975104
2022-03-15,779.6263852645826
2022-03-16,768.829431448356
2022-03-17,759.3785348308498
2022-03-18,749.9110913714171
2022-03-21,747.8305893142499
2022-03-22,771.6773470125601
2022-03-23,769.0940173178974
2022-03-24,781.99778198187
2022-03-25,768.0832787434894
2022-03-28,762.3942831593381
2022-03-29,761.3305701934806
2022-03-30,768.7519843735544
2022-03-31,781.4211986458777
2022-04-01,776.1761956219805
2022-04-04,753.4373857750762
2022-04-05,769.9128796269545
2022-04-06,761.7358460461792
2022-04-07,753.1052426065723
2022-04-08,759.7649087634724
2022-04-11,753.7536213317871
2022-04-12,772.7791695446505
2022-04-13,796.4857961396319
2022-04-14,788.7430148431582
2022-04-15,768.4471981061023
2022-04-18,745.7584042861699
2022-04-19,738.9210301406376
2022-04-20,729.4554845225432
2022-04-21,713.3004687908258
2022-04-22,721.7982044302466
2022-04-25,729.5221101599957
2022-04-26,725.3027886345213
2022-04-27,745.7841106648365
2022-04-28,759.117174921993
2022-04-29,764.1308708987818
2022-05-02,779.3107335320732
2022-05-03,772.5393970189132
2022-05-04,756.3592230102075
2022-05-05,775.122891799322
2022-05-06,769.1770357889446
2022-05-09,758.7073796272599
2022-05-10,748.1315536452881
2022-05-11,735.0743207712899
2022-05-12,754.0880087897234
2022-05-13,767.4798728332811
2022-05-16,766.9322017470664
2022-05-17,757.8600218805294
2022-05-18,741.0742527552555
2022-05-19,734.2792025854607
2022-05-20,740.3018329503213
2022-05-23,725.1234852691531
2022-05-24,718.0598428604915
2022-05-25,694.6979197553483
2022-05-26,698.6432773594327
2022-05-27,716.9824168265097
2022-05-30,703.2482581482304
2022-05-31,691.9215305188669
2022-06-01,698.5580776958856
2022-06-02,705.4255477231708
2022-06-03,699.307210824305
2022-06-06,701.4040319925766
2022-06-07,686.9350689436736
2022-06-08,691.3689166042982
2022-06-09,679.649309692425
2022-06-10,716.0645003727126
2022-06-13,710.4115608965028
2022-06-14,711.7655079176573
2022-06-15,692.8831651381239
2022-06-16,688.4347621799278
2022-06-17,687.3211302713175
2022-06-20,690.181912326789
2022-06-21,689.0736027226557
2022-06-22,691.7232885802011
2022-06-23,678.2778307716416
2022-06-24,689.2044339052921
2022-06-27,684.3707131831065
2022-06-28,717.9069711704501
2022-06-29,709.7025764339239
2022-06-30,718.1084193344024
2022-07-01,747.0990047053399
2022-07-04,752.070627673387
2022-07-05,735.2289501134255
2022-07-06,742.021380737263
2022-07-07,740.6761631863694
2022-07-08,737.114427628161
2022-07-11,715.089301582695
2022-07-12,708.8457828123574
2022-07-13,685.1599378702798
2022-07-14,700.2396769051182
2022-07-15,694.5313840658224
2022-07-18,676.5567964504847
2022-07-19,672.2036005819622
2022-07-20,661.0118237763037
2022-07-21,654.0784411166409
2022-07-22,676.7968340155259
2022-07-25,666.40869630471
2022-07-26,638.0791022894682
2022-07-27,634.6753505969275
2022-07-28,616.4911202364
2022-07-29,611.2385366849685
2022-08-01,593.469661348907
2022-08-02,589.928422289913
2022-08-03,601.3001465679948
2022-08-04,586.9511309140287
2022-08-05,586.1569082801221
2022-08-08,577.5982514222271
2022-08-09,573.8725182027181
2022-08-10,569.4221205972775
2022-08-11,564.3410333472564
2022-08-12,563.8390993087688
2022-08-15,563.8711577028275
2022-08-16,610.2577681740948
2022-08-17,595.2863109559962
2022-08-18,587.3811174743375
2022-08-19,614.8556987079673
2022-08-22,614.8371254656354
2022-08-23,607.7608491048127
2022-08-24,614.6584956917404
2022-08-25,614.4679649276552
2022-08-26,613.4727488644991
2022-08-29,611.7477736681058
2022-08-30,620.5999498673801
2022-08-31,629.6923719384413
2022-09-01,640.0923515446151
2022-09-02,643.7207217472312
2022-09-05,642.8865686883321
2022-09-06,655.6603678897255
2022-09-07,659.4622891149683
2022-09-08,642.6906678796057
2022-09-09,626.2354132004231
2022-09-12,624.322604702666
2022-09-13,630.2664385881961
2022-09-14,632.4117140244547
2022-09-15,609.1362827695348
2022-09-16,622.6320403185103
2022-09-19,629.9598997262095
2022-09-20,642.3156790870332
2022-09-21,666.5338906492229
2022-09-22,659.0037086718355
2022-09-23,674.0809721740009
2022-09-26,678.0460987110594
2022-09-27,692.2170904603289
2022-09-28,729.744940785524
2022-09-29,735.6140126769072
2022-09-30,735.5235274088067
2022-10-03,745.4321533642493
2022-10-04,751.8339227585378
2022-10-05,760.0546453600628
2022-10-06,748.922577080695
2022-10-07,739.5855822387206
2022-10-10,732.6462501142615
2022-10-11,735.5727744204023
2022-10-12,744.9224632867501
2022-10-13,775.1168175307912
2022-10-14,792.5637197764588
2022-10-17,783.1942584880641
2022-10-18,792.1305111822559
2022-10-19,801.2294370697555
2022-10-20,798.7173844660109
2022-10-21,787.5933818319553
2022-10-24,782.5793902584832
2022-10-25,781.388295358207
2022-10-26,808.8415745703944
2022-10-27,816.4583796453874
2022-10-28,829.9970831597803
2022-10-31,799.0606412046435
2022-11-01,854.4522142274259
2022-11-02,842.2626538357644
2022-11-03,852.750112229913
2022-11-04,871.744157632316
2022-11-07,859.8263585435446
2022-11-08,810.1577916169061
2022-11-09,829.4016923711264
2022-11-10,806.0309342328746
2022-11-11,784.0718350761625
2022-11-14,779.9877166729093
2022-11-15,787.621104458238
2022-11-16,790.8489594129205
2022-11-17,799.8798344236428
2022-11-18,782.8146305873349
2022-11-21,769.3076368048281
2022-11-22,762.0247438655812
2022-11-23,738.41968504712
2022-11-24,760.9558327343475
2022-11-25,724.5295630499045
2022-11-28,743.2237583621261
2022-11-29,762.2110565804968
2022-11-30,756.0287889849782
2022-12-01,752.5734973135412
2022-12-02,759.1460538969582
2022-12-05,782.1495729690338
2022-12-06,775.4718619787064
2022-12-07,770.8241204110516
2022-12-08,754.2955228050456
2022-12-09,740.7969893276378
2022-12-12,726.1906156162989
2022-12-13,756.3437201828716
2022-12-14,758.118556366185
2022-12-15,759.3452876876939
2022-12-16,773.0232170121085
2022-12-19,781.9377776762756
2022-12-20,781.3305257141442
2022-12-21,794.7606452902056
2022-12-22,809.8639044293
2022-12-23,840.1862261663889
2022-12-26,883.3034708887733
2022-12-27,866.6279331273106
2022-12-28,865.784565849731
2022-12-29,852.775970355542
2022-12-30,879.4276844055034
2023-01-02,891.6417124193753
2023-01-03,895.978779925927
2023-01-04,871.1979203972251
2023-01-05,878.6664562183913
2023-01-06,836.0508163852571
2023-01-09,835.8134089020207
2023-01-10,835.8178780496653
2023-01-11,867.8524387412062
2023-01-12,856.9368780654082
2023-01-13,855.9226963998743
2023-01-16,859.104982569549
2023-01-17,872.2487353684594
2023-01-18,833.9351670528682
2023-01-19,831.4422771965789
2023-01-20,836.6444759127846
2023-01-23,835.8957574739479
2023-01-24,841.5955444007776
2023-01-25,833.3953662772919
2023-01-26,793.85041067782
2023-01-27,789.001369850103
2023-01-30,795.8152762980682
2023-01-31,778.5337926349564
2023-02-01,793.7075288589474
2023-02-02,801.0314360870933
2023-02-03,782.0677804814684
2023-02-06,762.3186459400315
2023-02-07,756.9419921587719
2023-02-08,749.4099688213889
2023-02-09,737.0213963343642
2023-02-10,725.3521459450761
2023-02-13,716.5863049312983
2023-02-14,710.4940158278059
2023-02-15,707.597229431765
2023-02-16,691.7298028704686
2023-02-17,692.7502767193217
2023-02-20,681.2231379503363
2023-02-21,671.7584341801726
2023-02-22,664.3577553677358
2023-02-23,651.2979759352652
2023-02-24,663.901011105218
2023-02-27,663.8073246813425
2023-02-28,667.2009450044279
2023-03-01,670.1820767349803
2023-03-02,678.9096301314619
2023-03-03,665.5921310559286
2023-03-06,646.3925228147103
2023-03-07,667.6968990238503
2023-03-08,662.6473576167822
2023-03-09,645.0717264956292
2023-03-10,618.9460500877814
2023-03-13,605.7796189904647
2023-03-14,601.1131002133968
2023-03-15,628.1405580434335
2023-03-16,608.53699752362
2023-03-17,605.851082070805
2023-03-20,606.7910649378472
2023-03-21,614.0947302970499
2023-03-22,628.9962009209785
2023-03-23,627.7641888906766
2023-03-24,639.7247194120662
2023-03-27,654.7803703694698
2023-03-28,658.5603311546357
2023-03-29,644.8866473951779
2023-03-30,650.151310625748
2023-03-31,669.7205802193067
2023-04-03,682.4995995547314
2023-04-04,675.654586782527
2023-04-05,649.8304946373229
2023-04-06,630.0513051744837
2023-04-07,649.7840385687487
2023-04-10,666.4668647981999
2023-04-11,653.5462340397195
2023-04-12,659.609106368605
2023-04-13,659.1407300422694
2023-04-14,672.3509955784328
2023-04-17,662.3612507594438
2023-04-18,687.7437626201622
2023-04-19,669.8435488467691
2023-04-20,663.970108190754
2023-04-21,676.5847143088903
2023-04-24,679.2146087726296
2023-04-25,682.1555294322558
2023-04-26,684.1098735537245
2023-04-27,673.0295492893003
2023-04-28,638.5582217576673
2023-05-01,630.9180393296941
2023-05-02,638.9466675957073
2023-05-03,630.07101156624
2023-05-04,630.6053376473119
2023-05-05,640.4334771099982
2023-05-08,652.9848682965151
2023-05-09,624.5552000622507
2023-05-10,616.8768357007965
2023-05-11,625.3733567307129
2023-05-12,619.8149349529772
2023-05-15,608.919870780048
2023-05-16,611.279409389643
2023-05-17,589.8979555205941
2023-05-18,612.4993293560984
2023-05-19,628.5294805435627
2023-05-22,617.5319832840909
2023-05-23,624.0181188709468
2023-05-24,631.769207733638
2023-05-25,639.9225266823863
2023-05-26,650.9402938641557
2023-05-29,664.9007297511596
2023-05-30,682.8354335852929
2023-05-31,645.7361784147945
2023-06-01,652.2175790045862
2023-06-02,685.2887379898432
2023-06-05,681.4093480534783
2023-06-06,670.6625119258518
2023-06-07,652.5583917649292
2023-06-08,639.0384414472238
2023-06-09,623.4571770848381
2023-06-12,619.4211421998783
2023-06-13,604.4719264679184
2023-06-14,597.4345572746369
2023-06-15,589.5831162434696
2023-06-16,574.3622054132724
2023-06-19,558.0233627798632
2023-06-20,550.8161733749023
2023-06-21,554.6180104442645
2023-06-22,560.5757885511763
2023-06-23,557.6057964699257
2023-06-26,560.946689171318
2023-06-27,558.671599962081
2023-06-28,550.2809184387042
2023-06-29,545.5117370930286
2023-06-30,545.4751525594622
2023-07-03,561.8798067121339
2023-07-04,562.0166206383152
2023-07-05,559.5400343007717
2023-07-06,560.7039636305061
2023-07-07,559.7487329660754
2023-07-10,554.5487133836178
2023-07-11,557.0486613397242
2023-07-12,577.983919005148
2023-07-13,566.2819621621313
2023-07-14,591.8669137311952
2023-07-17,595.7127228167386
2023-07-18,606.7865822545343
2023-07-19,602.9400609642096
2023-07-20,578.2109947087389
2023-07-21,576.0805850873193
2023-07-24,585.4890714546755
2023-07-25,600.3726684362238
2023-07-26,570.7752373572398
2023-07-27,577.7156013258116
2023-07-28,577.7967523285052
2023-07-31,593.5281791065988
2023-08-01,591.0430009785698
2023-08-02,593.594026874499
2023-08-03,595.5716070294371
2023-08-04,606.2735583814931
2023-08-07,606.5434363748446
2023-08-08,605.7071888298427
2023-08-09,623.4425775649601
2023-08-10,620.5642227438507
2023-08-11,628.1669443116094
2023-08-14,611.6523012822182
2023-08-15,621.5659490150872
2023-08-16,629.2429728488693
2023-08-17,626.3587887306929
2023-08-18,624.5544090423365
2023-08-21,607.0076081844064
2023-08-22,622.7649395775587
2023-08-23,621.286477134527
2023-08-24,617.4321711338457
2023-08-25,630.0584300996262
2023-08-28,622.3564786236233
2023-08-29,610.0601572360416
2023-08-30,603.8202444797266
2023-08-31,592.4788133864012
2023-09-01,622.9623628211345
2023-09-04,615.1700621462927
2023-09-05,615.9660974842255
2023-09-06,608.1584304325432
2023-09-07,610.0566244892344
2023-09-08,603.1011091069203
2023-09-11,589.7084879414051
2023-09-12,602.6076533357607
2023-09-13,573.1722044694662
2023-09-14,581.5335838353183
2023-09-15,565.9276178261808
2023-09-18,558.1911129514922
2023-09-19,542.6195254423396
2023-09-20,558.1497663563305
2023-09-21,567.1996533147048
2023-09-22,561.9473916785738
2023-09-25,583.349470783986
2023-09-26,580.246291240757
2023-09-27,578.5561456542235
2023-09-28,586.8566034573339
2023-09-29,577.8375037626123
2023-10-02,590.5259874513386
2023-10-03,593.8037000005321
2023-10-04,586.6343609762645
2023-10-05,567.3001293557063
2023-10-06,579.4855446673618
2023-10-09,581.7302122903798
2023-10-10,595.2369490283705
2023-10-11,591.6492151920766
2023-10-12,613.4414202717633
2023-10-13,615.8843891127868
2023-10-16,623.6110300032251
2023-10-17,621.8682371297747
2023-10-18,656.2268341978345
2023-10-19,655.2381923188084
2023-10-20,660.1242327914749
2023-10-23,649.4224055315159
2023-10-24,647.8154519616891
2023-10-25,634.0264389255985
2023-10-26,632.9200755165609
2023-10-27,645.676312279181
2023-10-30,655.0234679455972
2023-10-31,647.2027436270805
2023-11-01,662.5247774156484
2023-11-02,679.3380474010735
2023-11-03,681.8524144301815
2023-11-06,690.2788855518264
2023-11-07,695.8041228652913
2023-11-08,707.099577586809
2023-11-09,719.5466226192136
2023-11-10,718.3769833600591
2023-11-13,692.7791847030481
2023-11-14,695.9417156297635
2023-11-15,690.8505438700514
2023-11-16,684.9531443938968
2023-11-17,682.2701039521473
2023-11-20,658.931492134152
2023-11-21,647.2705963368314
2023-11-22,617.5441658808503
2023-11-23,630.2881349135299
2023-11-24,646.2407711117191
2023-11-27,629.835642318912
2023-11-28,602.521284474245
2023-11-29,596.3009890283407
2023-11-30,589.9610902900124
2023-12-01,590.1773540220933
2023-12-04,578.873044116297
2023-12-05,559.606173560177
2023-12-06,577.5148882983672
2023-12-07,583.5725964420155
2023-12-08,594.0909436447043
2023-12-11,602.4658452892672
2023-12-12,617.2591244709033
2023-12-13,617.1706617629458
2023-12-14,633.9577097853329
2023-12-15,650.0457236658968
2023-12-18,651.6796977967598
2023-12-19,610.9155288999117
2023-12-20,604.6736725237731
2023-12-21,615.4446864375944
2023-12-22,635.683803948476
2023-12-25,635.372738010096
2023-12-26,624.075284311369
2023-12-27,604.7810715821536
2023-12-28,593.539999041026
2023-12-29,577.4731946679597
2024-01-01,579.3044763007899
2024-01-02,601.8875389630057
2024-01-03,594.6065583423793
2024-01-04,605.5502674022141
2024-01-05,619.8750444764878
2024-01-08,634.8184511568302
2024-01-09,652.7257653538304
2024-01-10,661.8824380862429
2024-01-11,665.5241833673105
2024-01-12,656.227366101857
2024-01-15,654.2551078768587
2024-01-16,660.0117450304357
2024-01-17,680.0114513556452
2024-01-18,655.6720203239855
2024-01-19,642.0536738201345
2024-01-22,641.4405745907659
2024-01-23,631.7423830937058
2024-01-24,634.4351141172108
2024-01-25,613.8310832344491
2024-01-26,610.628759611638
2024-01-29,613.7274644809914
2024-01-30,613.9655441555904
2024-01-31,636.3551765725716
2024-02-01,638.3619541706818
2024-02-02,649.5431548542648
2024-02-05,632.7684237217619
2024-02-06,609.5901256336541
2024-02-07,600.5445490064825
2024-02-08,596.9194100047447
2024-02-09,617.2936989607213
2024-02-12,614.668714412279
2024-02-13,601.9475651034973
2024-02-14,606.8807326963594
2024-02-15,590.2764219319383
2024-02-16,600.443602210758
2024-02-19,620.0027051565686
2024-02-20,621.0634529503035
2024-02-21,605.2875344387253
2024-02-22,615.5314655991173
2024-02-23,625.1681562426423
2024-02-26,640.8292887678309
2024-02-27,644.0315135587017
2024-02-28,629.3485048586175
2024-02-29,648.1606299088107
2024-03-01,627.3138194022482
2024-03-04,619.5664099648089
2024-03-05,624.4820036153127
2024-03-06,636.3377540086653
2024-03-07,646.2392894377509
2024-03-08,637.7823033964594
2024-03-11,651.6040332145354
2024-03-12,652.6862966537524
2024-03-13,664.1050776900399
2024-03-14,677.5451800936012
2024-03-15,688.2730891928735
2024-03-18,697.7554180691259
2024-03-19,701.1703381367478
2024-03-20,704.5658074635134
2024-03-21,716.7039141740444
2024-03-22,710.4991768902436
2024-03-25,706.7372339969024
2024-03-26,717.6471608527644
2024-03-27,729.6050828753325
2024-03-28,726.0209538582625
2024-03-29,754.765033121061
2024-04-01,790.429502377728
2024-04-02,801.378399607247
2024-04-03,807.2970336745902
2024-04-04,792.3604195436993
2024-04-05,773.7049326287772
2024-04-08,748.4880326520793
2024-04-09,739.5773795323346
2024-04-10,725.7473586046405
2024-04-11,727.6959440187843
2024-04-12,729.3265157576099
2024-04-15,731.5694915859208
2024-04-16,728.9841686968198
2024-04-17,724.5052198770682
2024-04-18,732.8725584478958
2024-04-19,725.4163410693506
2024-04-22,741.3576755680497
2024-04-23,733.073270102683
2024-04-24,725.0165591875575
2024-04-25,713.790995091433
2024-04-26,703.5788070587757
2024-04-29,692.8241997262654
2024-04-30,668.7141940156972
2024-05-01,657.8147021679154
2024-05-02,636.5111293814351
2024-05-03,619.9990614857971
2024-05-06,589.6418474745594
2024-05-07,587.973681200225
2024-05-08,575.4175406941848
2024-05-09,585.0287923419621
2024-05-10,581.4280043908545
2024-05-13,585.5965004749291
2024-05-14,595.1800507699701
2024-05-15,581.4913187488913
2024-05-16,596.2443008142812
2024-05-17,597.1605813348614
2024-05-20,592.3610642950766
2024-05-21,593.1147503864875
2024-05-22,598.4256625208279
2024-05-23,594.9976116449996
2024-05-24,561.4023044234248
2024-05-27,572.5731431860546
2024-05-28,546.1623483342281
2024-05-29,551.4513846334021
2024-05-30,550.272852558449
2024-05-31,544.374075874071
2024-06-03,547.0294997157936
2024-06-04,543.884242810845
2024-06-05,539.3719348213765
2024-06-06,519.865333723339
2024-06-07,512.4911642986724
2024-06-10,517.2335606529927
2024-06-11,519.2310179080134
2024-06-12,537.9068926107115
2024-06-13,555.3460560383428
2024-06-14,575.1980436969337
2024-06-17,572.6217981547657
2024-06-18,564.1184152385548
2024-06-19,577.1824837661209
2024-06-20,597.7874262648601
2024-06-21,620.6189954238249
2024-06-24,642.1176241674775
2024-06-25,625.0604929567735
2024-06-26,638.0214924716618
2024-06-27,625.7326273921273
2024-06-28,641.0041629458383
2024-07-01,631.2281594743708
2024-07-02,643.819031243751
2024-07-03,656.8094638579569
2024-07-04,650.0445698364042
2024-07-05,670.6119298523664
2024-07-08,678.500563928114
2024-07-09,657.7760343421397
2024-07-10,673.1513870748806
2024-07-11,660.8108434342635
2024-07-12,664.9268541600403
2024-07-15,656.3242630223324
2024-07-16,653.7588514100711
2024-07-17,655.5346035383021
2024-07-18,660.9337643001965
2024-07-19,650.5450292303285
2024-07-22,660.8515750695126
2024-07-23,664.5628921143021
2024-07-24,666.9054062074367
2024-07-25,662.0761728270354
2024-07-26,637.5728584727649
2024-07-29,644.1527283884907
2024-07-30,637.7010106981804
2024-07-31,644.0765308075098
2024-08-01,662.8517996523755
2024-08-02,668.593789285072
2024-08-05,669.8277493311338
2024-08-06,652.5284393998688
2024-08-07,648.3937173716826
2024-08-08,646.020259232718
2024-08-09,654.8199379261093
2024-08-12,638.6952840645943
2024-08-13,636.9002093743247
2024-08-14,620.6215145982915
2024-08-15,621.1602423155603
2024-08-16,615.2818161755847
2024-08-19,603.6163670997007
2024-08-20,624.6590764888181
2024-08-21,628.5977752302736
2024-08-22,634.2200748631182
2024-08-23,628.2356199061808
2024-08-26,627.6376683110798
2024-08-27,626.6266219394494
2024-08-28,596.5015890955298
2024-08-29,607.1693922728977
2024-08-30,610.7634818602174
2024-09-02,597.6282194482152
2024-09-03,589.2570362920942
2024-09-04,572.156395117597
2024-09-05,577.1791434350707
2024-09-06,573.0749166671063
2024-09-09,583.1627979715706
2024-09-10,573.5362426855291
2024-09-11,586.5481757279931
2024-09-12,584.9195587720685
2024-09-13,583.0152044157444
2024-09-16,591.5159699223972
2024-09-17,583.1890441493524
2024-09-18,604.5562727833424
2024-09-19,615.2982909346811
2024-09-20,605.1063218671155
2024-09-23,614.0823476375292
2024-09-24,583.3704657474693
2024-09-25,597.7772074555597
2024-09-26,592.8976495798975
2024-09-27,580.5229104619386
2024-09-30,577.9656762064408
2024-10-01,595.5433482808605
2024-10-02,594.8564830702646
2024-10-03,600.8421266632253
2024-10-04,611.1252103631125
2024-10-07,594.7593280703314
2024-10-08,573.8753686551822
2024-10-09,581.1114767634607
2024-10-10,583.668525668543
2024-10-11,571.6694859210575
2024-10-14,568.6335108472816
2024-10-15,568.2614361642014
2024-10-16,559.7967618719008
2024-10-17,553.4251336869385
2024-10-18,556.8736485456066
2024-10-21,562.0001021024356
2024-10-22,565.3485335388834
2024-10-23,554.0934430012514
2024-10-24,547.4256346070351
2024-10-25,550.139219633609
2024-10-28,566.993011066521
2024-10-29,571.1506512632535
2024-10-30,563.500395898513
2024-10-31,574.1955073619431
2024-11-01,567.4616690354343
2024-11-04,577.6790882743131
2024-11-05,602.2613254442736
2024-11-06,575.0984189511638
2024-11-07,564.0471716338993
2024-11-08,572.0458608865907
2024-11-11,570.5412395693651
2024-11-12,571.9655986003268
2024-11-13,564.5061104706937
2024-11-14,549.7822008496132
2024-11-15,542.8613611012291
2024-11-18,533.9407694205933
2024-11-19,518.6033169263765
2024-11-20,513.17084539428
2024-11-21,525.1018554814734
2024-11-22,525.1348884319483
2024-11-25,519.0756948750212
2024-11-26,514.6877573703963
2024-11-27,507.3057242854986
2024-11-28,494.8049762169712
2024-11-29,512.9153866323891
2024-12-02,518.7169317720229
2024-12-03,530.3573675754318
2024-12-04,520.3942947140802
2024-12-05,514.2376937827669
2024-12-06,512.5590343808686
2024-12-09,504.3116673275541
2024-12-10,493.04568280047243
2024-12-11,500.1498929740085
2024-12-12,487.79121119864817
2024-12-13,491.7245146990883
2024-12-16,482.2829083686367
2024-12-17,489.6073384188207
2024-12-18,499.8039718426419
2024-12-19,490.6947224260514
2024-12-20,499.1377144397244
2024-12-23,484.66382089380073
2024-12-24,474.6154343273102
2024-12-25,477.6066909441677
2024-12-26,480.7725861943098
2024-12-27,473.532871144106
2024-12-30,457.85948508736726
2024-12-31,457.227341938599
