Date,ROST
2020-01-01,143.3400182162948
2020-01-02,141.05282348823815
2020-01-03,138.05930094515904
2020-01-06,137.4985720076815
2020-01-07,137.76547093384778
2020-01-08,135.26091186594897
2020-01-09,132.90785444626096
2020-01-10,134.30062195378127
2020-01-13,132.1163381939446
2020-01-14,127.8321200523263
2020-01-15,127.03523294882169
2020-01-16,127.97759684956426
2020-01-17,128.8031593110396
2020-01-20,129.2621369993417
2020-01-21,125.71873085132957
2020-01-22,124.63472669080002
2020-01-23,122.52977510767712
2020-01-24,120.82995528848369
2020-01-27,123.49535348931673
2020-01-28,123.13376482348535
2020-01-29,119.37810690917006
2020-01-30,121.1743800397562
2020-01-31,115.18629934358442
2020-02-03,115.21849921388626
2020-02-04,113.60311666360536
2020-02-05,113.87158558409487
2020-02-06,113.11168401864265
2020-02-07,115.32211072863767
2020-02-10,114.88638706143813
2020-02-11,114.98344498421321
2020-02-12,114.20700301935213
2020-02-13,115.59360162005402
2020-02-14,117.80036129611268
2020-02-17,119.52070414075028
2020-02-18,117.61499198791871
2020-02-19,116.9695476975014
2020-02-20,116.59393023218526
2020-02-21,115.46840186728954
2020-02-24,109.8731705919363
2020-02-25,109.09758761777782
2020-02-26,106.19209621777743
2020-02-27,103.51016744241113
2020-02-28,101.15326695483189
2020-03-02,101.36903106733189
2020-03-03,100.0679307401005
2020-03-04,98.05825768618308
2020-03-05,97.99240955969321
2020-03-06,94.8128408854618
2020-03-09,96.59958468907074
2020-03-10,98.66574271828273
2020-03-11,103.08797234971965
2020-03-12,100.86093874103915
2020-03-13,100.53517420594417
2020-03-16,100.06328829372224
2020-03-17,100.97389757622204
2020-03-18,99.67600775219516
2020-03-19,98.28267856701547
2020-03-20,101.18300545062226
2020-03-23,102.07892389516596
2020-03-24,98.60882440391406
2020-03-25,99.99491779134168
2020-03-26,100.52415376542238
2020-03-27,100.35339213955473
2020-03-30,98.89369836900887
2020-03-31,98.38654168599152
2020-04-01,98.40601232558646
2020-04-02,98.0809803864251
2020-04-03,99.50897189192574
2020-04-06,100.27913235201304
2020-04-07,98.83666524860472
2020-04-08,98.62880752086326
2020-04-09,94.424857031825
2020-04-10,94.41137301202463
2020-04-13,96.13875267955372
2020-04-14,93.65339483506135
2020-04-15,94.58080657396832
2020-04-16,93.23475608847062
2020-04-17,91.9333311229906
2020-04-20,95.93146396557358
2020-04-21,97.04787213651498
2020-04-22,96.82636638390025
2020-04-23,93.43204852014794
2020-04-24,93.1975620185639
2020-04-27,99.41090402127034
2020-04-28,97.31554135511016
2020-04-29,98.73433580574671
2020-04-30,98.45191159726141
2020-05-01,99.61864548995788
2020-05-04,102.6067538337084
2020-05-05,103.96697467852286
2020-05-06,106.24403089653684
2020-05-07,108.35925580879533
2020-05-08,106.60991005022564
2020-05-11,105.48266974217658
2020-05-12,108.4863434723829
2020-05-13,111.79382715386073
2020-05-14,106.19634498856217
2020-05-15,104.67562992280396
2020-05-18,103.935439112324
2020-05-19,105.56440422464847
2020-05-20,105.91806185097853
2020-05-21,109.49326449206778
2020-05-22,109.52801875616096
2020-05-25,109.64659964995614
2020-05-26,109.69896067642814
2020-05-27,110.36260972197779
2020-05-28,108.61303206729657
2020-05-29,109.42235880376309
2020-06-01,112.03050344454674
2020-06-02,112.30847136630818
2020-06-03,112.95490821231367
2020-06-04,113.00236298961885
2020-06-05,119.40475693155251
2020-06-08,124.38376883191624
2020-06-09,124.8444143666492
2020-06-10,122.99820403071901
2020-06-11,124.34133710529223
2020-06-12,118.14310308980151
2020-06-15,118.49529248967437
2020-06-16,117.09396338792004
2020-06-17,122.55499527126179
2020-06-18,120.76034001405014
2020-06-19,120.2088513803183
2020-06-22,120.73430237417844
2020-06-23,121.21427517663518
2020-06-24,120.73805417600587
2020-06-25,118.8608414002696
2020-06-26,119.965524752381
2020-06-29,119.99662314617773
2020-06-30,118.96905179461055
2020-07-01,117.64017191875354
2020-07-02,117.75845975506047
2020-07-03,119.10286507525105
2020-07-06,120.41322594677293
2020-07-07,124.86115207436274
2020-07-08,128.9681680516453
2020-07-09,126.5439495549903
2020-07-10,126.64841675569264
2020-07-13,133.14364090390904
2020-07-14,137.9408049987525
2020-07-15,138.0692643971416
2020-07-16,138.12899633033354
2020-07-17,140.87198632183734
2020-07-20,138.75096519817382
2020-07-21,138.66234043242898
2020-07-22,140.50475213357782
2020-07-23,138.44647000114784
2020-07-24,136.19992499241516
2020-07-27,143.7356597132607
2020-07-28,141.7219774422369
2020-07-29,143.84208227062808
2020-07-30,143.60083162555188
2020-07-31,143.89640310274805
2020-08-03,146.95815405580205
2020-08-04,141.99819033228664
2020-08-05,139.0395350094762
2020-08-06,138.59377027244244
2020-08-07,137.72455898512615
2020-08-10,137.46383871650846
2020-08-11,132.04100548813102
2020-08-12,130.9147252330919
2020-08-13,127.9421722856927
2020-08-14,126.01378874858416
2020-08-17,124.36487963826835
2020-08-18,126.27765707883546
2020-08-19,126.17851865357194
2020-08-20,124.36801347630313
2020-08-21,122.97139592818081
2020-08-24,126.60778199262012
2020-08-25,124.96998750961346
2020-08-26,123.64116211273196
2020-08-27,125.95019583579989
2020-08-28,125.43668426987153
2020-08-31,130.19858344211121
2020-09-01,132.24215664328787
2020-09-02,130.1515802391675
2020-09-03,127.1893285368617
2020-09-04,127.89402630583243
2020-09-07,135.09169321743119
2020-09-08,141.40276918874025
2020-09-09,145.68685995892648
2020-09-10,144.9541189219553
2020-09-11,143.6349415850868
2020-09-14,140.44747468979003
2020-09-15,144.9012391946387
2020-09-16,142.80678235570758
2020-09-17,140.83538793445277
2020-09-18,136.97123898703916
2020-09-21,137.47390932596443
2020-09-22,141.51710880688094
2020-09-23,140.5883139294362
2020-09-24,136.9251650227648
2020-09-25,136.14257518884702
2020-09-28,140.14259813750527
2020-09-29,138.2890517825505
2020-09-30,137.88986040245442
2020-10-01,140.57272603557834
2020-10-02,139.24360509455178
2020-10-05,141.73953532874162
2020-10-06,141.23412878000144
2020-10-07,134.76499613977128
2020-10-08,136.42153078074367
2020-10-09,136.68205778944056
2020-10-12,138.08100489509337
2020-10-13,132.72297646891562
2020-10-14,135.36347311847496
2020-10-15,131.82033560236127
2020-10-16,135.89688417780476
2020-10-19,136.9677680685031
2020-10-20,136.725321659209
2020-10-21,132.82507056318815
2020-10-22,131.99299058319863
2020-10-23,128.16479032976542
2020-10-26,128.9598464558621
2020-10-27,126.04825555013701
2020-10-28,130.8984846043475
2020-10-29,130.1994690538611
2020-10-30,133.43571643748786
2020-11-02,129.04724314008502
2020-11-03,130.6150737385752
2020-11-04,128.80399215723872
2020-11-05,130.92100755898855
2020-11-06,130.87998825817942
2020-11-09,131.28912149497705
2020-11-10,131.59824442576095
2020-11-11,130.8883457718171
2020-11-12,134.58823341547085
2020-11-13,135.4748541453132
2020-11-16,140.729190357724
2020-11-17,138.62335554373894
2020-11-18,141.7443009231247
2020-11-19,142.80713544454107
2020-11-20,141.9176392101984
2020-11-23,148.366457444307
2020-11-24,154.82997894990018
2020-11-25,151.51725921896218
2020-11-26,151.6416026720767
2020-11-27,151.69968948291245
2020-11-30,153.7151127484829
2020-12-01,149.39827934716115
2020-12-02,148.8095874546481
2020-12-03,146.9947787851597
2020-12-04,147.0031255483002
2020-12-07,148.73686592901223
2020-12-08,154.44559145223158
2020-12-09,159.05339127322094
2020-12-10,162.96315486765513
2020-12-11,164.35800588814155
2020-12-14,167.91815047404273
2020-12-15,164.8828895500873
2020-12-16,166.15084923869452
2020-12-17,163.2652211532205
2020-12-18,159.4659561053992
2020-12-21,161.29729284753938
2020-12-22,168.6220272812388
2020-12-23,170.63208203082252
2020-12-24,170.30225947752066
2020-12-25,170.33406271321766
2020-12-28,173.41571773272588
2020-12-29,174.31976700242413
2020-12-30,175.54209158269614
2020-12-31,176.105730090253
2021-01-01,183.78148129790387
2021-01-04,183.50030576507604
2021-01-05,184.72996627257814
2021-01-06,188.11176638012503
2021-01-07,188.2567443585985
2021-01-08,184.80685254835907
2021-01-11,186.11469371389805
2021-01-12,185.93136720346436
2021-01-13,187.44868397272782
2021-01-14,187.86037382442666
2021-01-15,187.9487162706881
2021-01-18,189.13772751305808
2021-01-19,184.4699148323034
2021-01-20,180.2179019408467
2021-01-21,177.3528213398101
2021-01-22,173.4439548555081
2021-01-25,169.83211731864372
2021-01-26,170.5126885985229
2021-01-27,167.19504797726916
2021-01-28,166.8862150116179
2021-01-29,172.36805637126247
2021-02-01,178.56873957808983
2021-02-02,178.6090062357056
2021-02-03,182.81609353481392
2021-02-04,186.17695201399204
2021-02-05,190.16127984879168
2021-02-08,188.41571149515357
2021-02-09,188.88347431569278
2021-02-10,191.93510556944076
2021-02-11,193.04622620115973
2021-02-12,198.2315495872322
2021-02-15,200.19895023904422
2021-02-16,201.81852023896982
2021-02-17,205.55714725054244
2021-02-18,206.90357775223492
2021-02-19,206.2054740122477
2021-02-22,204.02684314468533
2021-02-23,197.7021736866821
2021-02-24,200.44709764214576
2021-02-25,201.4288242634661
2021-02-26,199.48373953085334
2021-03-01,201.91982638362572
2021-03-02,199.1235559108894
2021-03-03,200.74549159281187
2021-03-04,202.73636928125345
2021-03-05,206.06732337650405
2021-03-08,200.31738566227384
2021-03-09,198.83216561964994
2021-03-10,194.02900073256637
2021-03-11,195.160417957356
2021-03-12,185.15354598680707
2021-03-15,185.0767154768151
2021-03-16,193.19011003210935
2021-03-17,193.57205173251734
2021-03-18,195.71203312709136
2021-03-19,195.47000376114784
2021-03-22,193.29727573312775
2021-03-23,187.3062271729298
2021-03-24,189.73574132625362
2021-03-25,194.3027971937045
2021-03-26,187.23591762261998
2021-03-29,181.54974690549653
2021-03-30,181.24329863410605
2021-03-31,187.28182854218156
2021-04-01,186.39567078846403
2021-04-02,193.37402531690557
2021-04-05,198.62794922325244
2021-04-06,196.94596869323195
2021-04-07,204.26138011299975
2021-04-08,207.89426105300882
2021-04-09,211.3411468284926
2021-04-12,211.95015919758012
2021-04-13,209.15411239965786
2021-04-14,211.38341797034684
2021-04-15,211.11552578387085
2021-04-16,205.4282187921239
2021-04-19,203.77669972495215
2021-04-20,204.11589512238294
2021-04-21,203.63096656400967
2021-04-22,203.6352235852137
2021-04-23,201.80751092276043
2021-04-26,203.32606413908061
2021-04-27,210.08591661760042
2021-04-28,209.6737361554685
2021-04-29,213.1197469855009
2021-04-30,214.6448267529866
2021-05-03,218.12334932580288
2021-05-04,224.6142714035765
2021-05-05,214.64603132056845
2021-05-06,220.3091525237439
2021-05-07,223.52082007907555
2021-05-10,226.24721391754173
2021-05-11,217.68296347842445
2021-05-12,223.03510402982909
2021-05-13,220.6848525302948
2021-05-14,214.86753970828047
2021-05-17,213.23221263099154
2021-05-18,213.97035748673323
2021-05-19,210.5442432464385
2021-05-20,222.8294465774334
2021-05-21,225.07321591508344
2021-05-24,225.38308718594143
2021-05-25,222.7859637099291
2021-05-26,219.73628025579825
2021-05-27,221.59711316975367
2021-05-28,219.24253880028687
2021-05-31,215.7240328029854
2021-06-01,217.60872307546109
2021-06-02,219.871253708128
2021-06-03,227.19101347096364
2021-06-04,229.43821262772397
2021-06-07,238.06146988226922
2021-06-08,238.12224205123965
2021-06-09,235.6056254561403
2021-06-10,229.10951483038298
2021-06-11,227.73709554993067
2021-06-14,232.20952357296312
2021-06-15,229.7962950892996
2021-06-16,223.16427492903645
2021-06-17,225.3530524406301
2021-06-18,229.3091315681704
2021-06-21,229.21394062971518
2021-06-22,224.63163320759708
2021-06-23,227.34491596771755
2021-06-24,227.26919501079757
2021-06-25,232.488501126427
2021-06-28,231.6292598443478
2021-06-29,225.58718622877453
2021-06-30,217.833309043518
2021-07-01,213.5392960127948
2021-07-02,207.97602914299918
2021-07-05,203.8288812988003
2021-07-06,205.74125077002853
2021-07-07,200.96074628019167
2021-07-08,205.78319077082008
2021-07-09,206.0611471225213
2021-07-12,208.23625431849575
2021-07-13,207.97267153868063
2021-07-14,203.36963057856397
2021-07-15,201.36070755852455
2021-07-16,197.77240286793472
2021-07-19,196.57547739328257
2021-07-20,191.41337832295238
2021-07-21,193.6879553153082
2021-07-22,197.68842367460232
2021-07-23,201.94626934200207
2021-07-26,198.60664766212574
2021-07-27,202.2911351034438
2021-07-28,201.67511979511002
2021-07-29,202.78751086530556
2021-07-30,200.63369945475375
2021-08-02,195.9753453400292
2021-08-03,198.8685212479777
2021-08-04,202.2031471282888
2021-08-05,206.75255715774696
2021-08-06,205.11541838962404
2021-08-09,200.08956077878062
2021-08-10,203.16926695358546
2021-08-11,201.05169430236901
2021-08-12,206.9095814773694
2021-08-13,196.64941909666564
2021-08-16,197.22118566910933
2021-08-17,197.42589243679106
2021-08-18,196.43900921808543
2021-08-19,205.91092747718514
2021-08-20,199.57200139951277
2021-08-23,203.2989421993882
2021-08-24,200.45411666221284
2021-08-25,199.09195728857864
2021-08-26,204.7800511012384
2021-08-27,202.8699747491298
2021-08-30,213.91652433224152
2021-08-31,215.63629760150826
2021-09-01,219.27717947392108
2021-09-02,215.89149069721884
2021-09-03,217.80515027306248
2021-09-06,220.16501556517468
2021-09-07,216.0181479491116
2021-09-08,221.17534198352408
2021-09-09,219.51052582780562
2021-09-10,211.88712236051484
2021-09-13,204.3039929625832
2021-09-14,204.693550954068
2021-09-15,205.26897074513394
2021-09-16,213.92657128708754
2021-09-17,216.4376440834778
2021-09-20,221.35640591274006
2021-09-21,223.54222024372004
2021-09-22,226.47256086368708
2021-09-23,227.8664233753592
2021-09-24,225.88776799990003
2021-09-27,224.9659410529835
2021-09-28,227.0406487064959
2021-09-29,223.66920463360225
2021-09-30,228.7921128656914
2021-10-01,229.32830395678033
2021-10-04,226.63555049302494
2021-10-05,227.30710351208688
2021-10-06,226.02064448727748
2021-10-07,219.90591898412504
2021-10-08,214.92424600128103
2021-10-11,208.55110396285278
2021-10-12,209.49562813920383
2021-10-13,209.60215987772776
2021-10-14,215.6102720549255
2021-10-15,213.5637686551385
2021-10-18,211.66449846377557
2021-10-19,211.87794693802357
2021-10-20,214.40149364519675
2021-10-21,214.16022538299504
2021-10-22,211.48656785446556
2021-10-25,214.83857185113314
2021-10-26,205.1061888831481
2021-10-27,204.371907038009
2021-10-28,202.74235418006901
2021-10-29,199.83207643979912
2021-11-01,196.38982899641735
2021-11-02,191.6123569392769
2021-11-03,184.89442351272635
2021-11-04,188.78998948196303
2021-11-05,190.7228401899676
2021-11-08,196.19289694769307
2021-11-09,188.06833432981708
2021-11-10,189.62284939148222
2021-11-11,193.13257986182902
2021-11-12,190.24277036318483
2021-11-15,189.1225183153463
2021-11-16,187.11123069775658
2021-11-17,187.24269429988772
2021-11-18,192.10777387722936
2021-11-19,188.83944325266827
2021-11-22,189.61207408651006
2021-11-23,182.96418947010594
2021-11-24,182.23794279384768
2021-11-25,181.68595854100457
2021-11-26,177.35632379422745
2021-11-29,175.56673313899708
2021-11-30,170.73801341488428
2021-12-01,177.69193268614248
2021-12-02,185.0585682947665
2021-12-03,184.17089862880565
2021-12-06,182.30229833903311
2021-12-07,183.00257958863486
2021-12-08,183.5667691052343
2021-12-09,179.98195365387969
2021-12-10,183.1398897730696
2021-12-13,186.15622857777046
2021-12-14,190.23214259906385
2021-12-15,194.24011596819673
2021-12-16,185.30774909939117
2021-12-17,190.04252585510312
2021-12-20,186.81828103252022
2021-12-21,190.72024712350608
2021-12-22,190.9404563102551
2021-12-23,188.0420859183217
2021-12-24,191.48363716069517
2021-12-27,193.85384125547438
2021-12-28,185.99198992134598
2021-12-29,187.54369095590863
2021-12-30,185.5754241496219
2021-12-31,186.14817101178014
2022-01-03,191.8748892956568
2022-01-04,187.0977057745549
2022-01-05,184.51289404252086
2022-01-06,182.71759246763145
2022-01-07,183.44127315598573
2022-01-10,181.06031152435844
2022-01-11,177.36808162619658
2022-01-12,175.6694023833587
2022-01-13,172.65403034482523
2022-01-14,172.1903578361514
2022-01-17,168.29808334512967
2022-01-18,169.5026785717094
2022-01-19,176.21710320514543
2022-01-20,176.05582943914567
2022-01-21,176.73740239614932
2022-01-24,176.6768965651834
2022-01-25,170.29590141288472
2022-01-26,174.04541808940277
2022-01-27,175.668512116378
2022-01-28,177.72123957922022
2022-01-31,177.2852942443314
2022-02-01,175.07208796771172
2022-02-02,173.96729040085856
2022-02-03,179.0856235748405
2022-02-04,177.8643636057966
2022-02-07,178.36789844034232
2022-02-08,176.81309672869247
2022-02-09,182.81199302918048
2022-02-10,180.74500318971877
2022-02-11,182.82695621153093
2022-02-14,191.18488105200203
2022-02-15,197.1213235429526
2022-02-16,198.15319069167512
2022-02-17,197.37702826403168
2022-02-18,202.31717624671245
2022-02-21,206.96467313402192
2022-02-22,207.40471695353776
2022-02-23,203.4701198077416
2022-02-24,206.75324613553096
2022-02-25,208.75382242313617
2022-02-28,200.41096375187726
2022-03-01,202.40698632059582
2022-03-02,197.23099639724674
2022-03-03,198.80658165509234
2022-03-04,200.82933910938908
2022-03-07,199.783116117535
2022-03-08,204.81047649864988
2022-03-09,202.50704704110376
2022-03-10,207.99030902095402
2022-03-11,205.1776849019563
2022-03-14,201.3588288562233
2022-03-15,196.19603952603876
2022-03-16,199.67243068433075
2022-03-17,197.84464222952548
2022-03-18,201.49686048308592
2022-03-21,200.13714089947104
2022-03-22,204.7601960952771
2022-03-23,208.2251679763132
2022-03-24,206.6813540520968
2022-03-25,203.2211778571421
2022-03-28,201.16151577959243
2022-03-29,193.8230351826577
2022-03-30,194.61704731036826
2022-03-31,197.87268423009084
2022-04-01,200.90508897233155
2022-04-04,208.34365687942605
2022-04-05,200.95288958524955
2022-04-06,202.4166211462092
2022-04-07,202.38947656229942
2022-04-08,200.53417517897478
2022-04-11,196.49708489933474
2022-04-12,198.76527974425136
2022-04-13,206.39879248067427
2022-04-14,201.40718426697276
2022-04-15,199.05244435883813
2022-04-18,195.78856096952558
2022-04-19,197.52956246503166
2022-04-20,192.82288416694766
2022-04-21,198.62984999384702
2022-04-22,198.12531282324133
2022-04-25,198.44972783435136
2022-04-26,197.21325656171345
2022-04-27,195.45058941086978
2022-04-28,195.70307783192536
2022-04-29,197.54993660367103
2022-05-02,197.70484179699142
2022-05-03,195.69823214629076
2022-05-04,195.96084226155992
2022-05-05,194.69650658209784
2022-05-06,195.9072794473577
2022-05-09,198.03295775177224
2022-05-10,197.95838622310094
2022-05-11,200.01728529118367
2022-05-12,195.86898358823655
2022-05-13,194.27437342372053
2022-05-16,197.25793924986098
2022-05-17,206.97501053326076
2022-05-18,208.01547620326224
2022-05-19,214.7665050557486
2022-05-20,218.67461031471558
2022-05-23,215.17275784118019
2022-05-24,211.623792590287
2022-05-25,212.42985953621945
2022-05-26,217.15511402704809
2022-05-27,217.74211586010782
2022-05-30,213.00039067674712
2022-05-31,213.33690174873115
2022-06-01,207.10378756156464
2022-06-02,214.7181199212911
2022-06-03,214.9485818294922
2022-06-06,217.76720020965612
2022-06-07,217.30919737339303
2022-06-08,221.0903449690486
2022-06-09,211.08558693059203
2022-06-10,209.4166007620084
2022-06-13,206.97213116255878
2022-06-14,207.71279854299152
2022-06-15,205.06552614680908
2022-06-16,198.39280534144814
2022-06-17,201.3716221667724
2022-06-20,203.92968213450493
2022-06-21,203.77807060236893
2022-06-22,206.50456688559498
2022-06-23,202.5313247120979
2022-06-24,202.19883535518414
2022-06-27,201.44348049559403
2022-06-28,206.3946717637558
2022-06-29,207.78424232770215
2022-06-30,206.22246811776964
2022-07-01,202.2182403540204
2022-07-04,198.16497891276006
2022-07-05,202.71209293451287
2022-07-06,202.96382794120123
2022-07-07,203.96775970982426
2022-07-08,202.1563038741792
2022-07-11,202.73701074770054
2022-07-12,200.18644352637185
2022-07-13,206.42137168362203
2022-07-14,199.73705039072706
2022-07-15,201.94715674222937
2022-07-18,201.94036350553924
2022-07-19,201.0346931270357
2022-07-20,206.7479689859156
2022-07-21,205.68742699001936
2022-07-22,190.13459216997808
2022-07-25,191.31452162110452
2022-07-26,190.86848822695703
2022-07-27,191.4028529496074
2022-07-28,190.56995233438334
2022-07-29,187.5955690896955
2022-08-01,191.46390442899724
2022-08-02,193.66249671437467
2022-08-03,186.90258742434503
2022-08-04,182.78939674774105
2022-08-05,185.11604961395318
2022-08-08,181.49987524265234
2022-08-09,182.96220515871045
2022-08-10,181.39123306162753
2022-08-11,180.17300866933522
2022-08-12,181.07721700996044
2022-08-15,184.88279578219027
2022-08-16,186.7553604291377
2022-08-17,186.61691955558558
2022-08-18,183.59965423791274
2022-08-19,190.55993815121283
2022-08-22,187.06763144630193
2022-08-23,185.21617209500096
2022-08-24,194.1313465560866
2022-08-25,192.01085213621164
2022-08-26,193.98693242991195
2022-08-29,196.02434462849433
2022-08-30,199.33231618165482
2022-08-31,198.52963399364972
2022-09-01,201.4674147779316
2022-09-02,204.81335561697017
2022-09-05,209.33304239410583
2022-09-06,204.31319569587777
2022-09-07,201.42112063382334
2022-09-08,208.29680673351402
2022-09-09,206.00243979257533
2022-09-12,206.92537245265385
2022-09-13,215.54203599601655
2022-09-14,215.162108095066
2022-09-15,210.17286868004027
2022-09-16,210.84281345271174
2022-09-19,208.44831957661162
2022-09-20,206.57011169245592
2022-09-21,211.64378303239516
2022-09-22,211.38435160315368
2022-09-23,212.41742959693178
2022-09-26,220.3751207154374
2022-09-27,220.17385513787417
2022-09-28,220.75123696796476
2022-09-29,217.30621136583002
2022-09-30,218.9339663041561
2022-10-03,218.06159566617453
2022-10-04,221.36238909809748
2022-10-05,220.6321423346309
2022-10-06,219.0620200574728
2022-10-07,213.91708599690665
2022-10-10,213.98607273127988
2022-10-11,205.85222331077645
2022-10-12,210.67819215064873
2022-10-13,208.30034446945305
2022-10-14,210.11804801797223
2022-10-17,211.54789004569855
2022-10-18,216.79579242912325
2022-10-19,213.90923289385407
2022-10-20,217.4142332003641
2022-10-21,217.81274341537926
2022-10-24,215.0948825893604
2022-10-25,206.46307496014
2022-10-26,212.0596471360612
2022-10-27,199.83070184290696
2022-10-28,199.7931667247048
2022-10-31,202.49349094289272
2022-11-01,204.87471150634136
2022-11-02,204.46703191869918
2022-11-03,203.14621002972356
2022-11-04,207.1919228878675
2022-11-07,203.53626212085115
2022-11-08,205.03390298466715
2022-11-09,198.98819741847683
2022-11-10,203.75999782183726
2022-11-11,199.05170171539703
2022-11-14,189.27957575134977
2022-11-15,187.2665869768668
2022-11-16,178.79542282016538
2022-11-17,177.02717328936336
2022-11-18,182.65283353161792
2022-11-21,188.70685114779346
2022-11-22,184.0728052572482
2022-11-23,190.99888717348995
2022-11-24,191.38799820471192
2022-11-25,192.0431519249115
2022-11-28,189.76222515450962
2022-11-29,190.31477308467942
2022-11-30,191.42014885238325
2022-12-01,194.37132713025613
2022-12-02,191.0864018489697
2022-12-05,187.79928199758177
2022-12-06,186.92994725819622
2022-12-07,189.31707405944636
2022-12-08,187.6078378628746
2022-12-09,185.80082746142153
2022-12-12,183.92791332609747
2022-12-13,182.97518033605215
2022-12-14,181.7040900573493
2022-12-15,184.67370709705105
2022-12-16,191.68892069237145
2022-12-19,193.51788988093995
2022-12-20,198.18277652086363
2022-12-21,197.72770758062995
2022-12-22,201.6918440017759
2022-12-23,202.71083070963323
2022-12-26,197.61161209745487
2022-12-27,202.59106662607812
2022-12-28,209.32609993863426
2022-12-29,216.83852259744285
2022-12-30,216.54994992182256
2023-01-02,219.9571734358223
2023-01-03,220.08407536950543
2023-01-04,220.02181185508567
2023-01-05,214.85259500803795
2023-01-06,211.86689604836036
2023-01-09,209.70741442909645
2023-01-10,212.3400494960725
2023-01-11,214.33288464733752
2023-01-12,217.97743487256986
2023-01-13,215.85897827240333
2023-01-16,223.80238352950465
2023-01-17,217.8627441659087
2023-01-18,216.5791024357669
2023-01-19,217.39948444021786
2023-01-20,216.14582192529656
2023-01-23,217.44379122359183
2023-01-24,220.66564576877468
2023-01-25,229.53416028311557
2023-01-26,232.85443627094313
2023-01-27,231.6517688882381
2023-01-30,236.05451882651624
2023-01-31,245.61253834325072
2023-02-01,249.28312937065974
2023-02-02,248.25601991041034
2023-02-03,246.18308231004667
2023-02-06,244.99897638266586
2023-02-07,247.63049420203922
2023-02-08,250.69383854063022
2023-02-09,255.50189204954265
2023-02-10,250.10952390334796
2023-02-13,248.49698582548774
2023-02-14,249.268488787784
2023-02-15,243.73492446631275
2023-02-16,247.4172792281246
2023-02-17,243.4283748129608
2023-02-20,244.5020843933118
2023-02-21,241.97365967103283
2023-02-22,236.88365491122767
2023-02-23,236.63562487063732
2023-02-24,244.3169811234113
2023-02-27,243.14296616513704
2023-02-28,241.54411652583957
2023-03-01,236.36773442801908
2023-03-02,232.09735633294116
2023-03-03,227.8953293586962
2023-03-06,232.0177396647233
2023-03-07,232.746555785673
2023-03-08,225.40298237962574
2023-03-09,227.12480128351606
2023-03-10,226.84520784113212
2023-03-13,218.8217513248732
2023-03-14,216.27314331179787
2023-03-15,224.16332815777744
2023-03-16,224.9243229441443
2023-03-17,219.80366924222034
2023-03-20,213.13906234514755
2023-03-21,213.98359059237958
2023-03-22,218.9381448590948
2023-03-23,216.23707255912916
2023-03-24,216.27515116699357
2023-03-27,216.4388052496019
2023-03-28,226.86787220434266
2023-03-29,229.52185105852251
2023-03-30,229.83324779136154
2023-03-31,228.77134777994854
2023-04-03,226.8631513743548
2023-04-04,227.43943629089142
2023-04-05,226.8853227388045
2023-04-06,222.44507287435266
2023-04-07,225.5261456272918
2023-04-10,225.03883395853148
2023-04-11,223.50049102278302
2023-04-12,226.75394247978866
2023-04-13,217.31877631962504
2023-04-14,218.63792920594102
2023-04-17,216.71424231863185
2023-04-18,209.94337343566056
2023-04-19,205.56040536625562
2023-04-20,215.24614091875955
2023-04-21,214.05801387442162
2023-04-24,214.63027251484118
2023-04-25,211.0329845258438
2023-04-26,219.8898867846654
2023-04-27,226.5058845802398
2023-04-28,221.63065938985233
2023-05-01,220.96885541195653
2023-05-02,226.8146981335714
2023-05-03,226.8291368035401
2023-05-04,226.25280937516237
2023-05-05,225.24812177779245
2023-05-08,220.7546111673872
2023-05-09,221.90627763849952
2023-05-10,229.6847839605481
2023-05-11,224.55760412756243
2023-05-12,226.01483368682167
2023-05-15,225.2413292386328
2023-05-16,221.26235267175093
2023-05-17,220.15174341664473
2023-05-18,218.41409278848832
2023-05-19,222.00563426081976
2023-05-22,226.39555480076885
2023-05-23,227.9125989936244
2023-05-24,225.9640738026934
2023-05-25,223.5715034901749
2023-05-26,221.67608075116223
2023-05-29,229.03161487469416
2023-05-30,242.94590881227856
2023-05-31,244.67245663236656
2023-06-01,239.5819958736111
2023-06-02,241.25082641836926
2023-06-05,235.35989639671016
2023-06-06,229.41145997296115
2023-06-07,232.3136174131828
2023-06-08,235.57435195176546
2023-06-09,232.50062754627126
2023-06-12,228.74372233903586
2023-06-13,235.17963240381738
2023-06-14,236.57357012463095
2023-06-15,237.51131588507548
2023-06-16,237.791449833241
2023-06-19,238.48965546386344
2023-06-20,237.39215704873868
2023-06-21,229.8725990225051
2023-06-22,229.89112396577028
2023-06-23,224.8680252849717
2023-06-26,221.47854044576908
2023-06-27,231.18725596967522
2023-06-28,227.38351389079597
2023-06-29,227.03444491759922
2023-06-30,224.63098918589534
2023-07-03,225.90707812597833
2023-07-04,224.06817835662812
2023-07-05,225.84067641341898
2023-07-06,234.0277762504069
2023-07-07,242.96413161867878
2023-07-10,241.61838461096295
2023-07-11,249.80820591031326
2023-07-12,249.68150788189067
2023-07-13,259.77032827023294
2023-07-14,261.00388294780385
2023-07-17,263.35895677730844
2023-07-18,262.1357661592185
2023-07-19,265.5419860848904
2023-07-20,266.46421387088475
2023-07-21,263.99761004747825
2023-07-24,271.6543412920227
2023-07-25,279.36586249569655
2023-07-26,272.59712015410287
2023-07-27,274.7131143952615
2023-07-28,271.0344136297903
2023-07-31,261.7130837262885
2023-08-01,257.82135122382044
2023-08-02,255.51286485594702
2023-08-03,251.88892876962424
2023-08-04,254.93334582729258
2023-08-07,256.97494817168933
2023-08-08,259.6688824699446
2023-08-09,263.1112447313879
2023-08-10,268.66047364057016
2023-08-11,265.57466866505325
2023-08-14,277.22840176222246
2023-08-15,267.17115518879444
2023-08-16,276.79654772822533
2023-08-17,277.29976431042627
2023-08-18,278.4917212890001
2023-08-21,275.843922364384
2023-08-22,278.1737735711877
2023-08-23,270.99849019802394
2023-08-24,268.09629231448343
2023-08-25,279.9658424773947
2023-08-28,279.8996812273703
2023-08-29,282.46813171761687
2023-08-30,287.12910952053625
2023-08-31,284.2073563865388
2023-09-01,291.0231057482318
2023-09-04,298.4480443733495
2023-09-05,297.2219035867665
2023-09-06,302.3421664136229
2023-09-07,302.0725798599172
2023-09-08,314.1687164674624
2023-09-11,307.2127008004127
2023-09-12,301.59797160383783
2023-09-13,305.8346869216944
2023-09-14,306.46364818855295
2023-09-15,306.4527006597681
2023-09-18,309.3606954959429
2023-09-19,319.8590950271056
2023-09-20,313.05562515071944
2023-09-21,316.009767303732
2023-09-22,315.0656254582607
2023-09-25,306.1167757036085
2023-09-26,300.218572892819
2023-09-27,301.2741951450145
2023-09-28,300.28924476817224
2023-09-29,312.28743782172415
2023-10-02,306.86222498682423
2023-10-03,293.4720571533038
2023-10-04,289.09663139101303
2023-10-05,289.6142140486788
2023-10-06,287.0679873519035
2023-10-09,276.73470916333406
2023-10-10,268.92291822002176
2023-10-11,259.59963573083326
2023-10-12,265.51221336364466
2023-10-13,269.6878712078735
2023-10-16,268.93039190245395
2023-10-17,270.06462738863274
2023-10-18,264.662211764405
2023-10-19,273.0969293448808
2023-10-20,263.3065176945316
2023-10-23,258.3781387662322
2023-10-24,255.1968661195106
2023-10-25,261.04273296362555
2023-10-26,257.32169895502125
2023-10-27,259.42582031214744
2023-10-30,265.13077429566454
2023-10-31,258.7088081701195
2023-11-01,264.6782073270781
2023-11-02,262.36514819688233
2023-11-03,262.013696209816
2023-11-06,262.0409870799117
2023-11-07,264.9788849578589
2023-11-08,259.35433158696384
2023-11-09,253.03707151878257
2023-11-10,246.96385088458564
2023-11-13,244.06022543224339
2023-11-14,244.60495776833324
2023-11-15,250.46326429839334
2023-11-16,250.44101256691118
2023-11-17,241.2865869872309
2023-11-20,235.90276193812232
2023-11-21,234.79653370878404
2023-11-22,232.5719007401416
2023-11-23,233.5349795767333
2023-11-24,242.8496461748938
2023-11-27,239.55811225048424
2023-11-28,245.02247270481612
2023-11-29,251.76223678082556
2023-11-30,254.3481856215291
2023-12-01,255.4036282255087
2023-12-04,265.3181737504491
2023-12-05,262.9421868230773
2023-12-06,256.4358640307448
2023-12-07,259.62714121105887
2023-12-08,264.3246469138602
2023-12-11,264.922164964548
2023-12-12,261.10566378999545
2023-12-13,258.18888769948745
2023-12-14,254.10249069896275
2023-12-15,254.86524711356233
2023-12-18,254.50490822867073
2023-12-19,263.4268277495874
2023-12-20,264.4981239043053
2023-12-21,261.7320708750907
2023-12-22,255.2206496989897
2023-12-25,244.09730152019367
2023-12-26,244.8849320860442
2023-12-27,244.4785323233044
2023-12-28,236.8648602853251
2023-12-29,238.4193884727642
2024-01-01,229.99180606150796
2024-01-02,231.04266870882668
2024-01-03,232.86856356330463
2024-01-04,224.04356927373667
2024-01-05,230.01625233116505
2024-01-08,231.20808733670972
2024-01-09,234.80793382745057
2024-01-10,235.51756341846345
2024-01-11,237.12076948847889
2024-01-12,235.54602077150807
2024-01-15,229.0149362314863
2024-01-16,224.8206257962254
2024-01-17,222.8442671903421
2024-01-18,226.7995252880896
2024-01-19,224.24081028355744
2024-01-22,223.1981808653973
2024-01-23,225.47790277017853
2024-01-24,221.74148026703816
2024-01-25,220.94144192694068
2024-01-26,215.13170530623213
2024-01-29,211.06831395088213
2024-01-30,208.0856467831915
2024-01-31,212.49788210742366
2024-02-01,214.7663691104691
2024-02-02,210.1406961524122
2024-02-05,209.91909077240308
2024-02-06,203.16299529132604
2024-02-07,206.70005411692222
2024-02-08,207.01138118491554
2024-02-09,200.37584549193264
2024-02-12,202.51691195110743
2024-02-13,204.8287814121119
2024-02-14,205.6026999717873
2024-02-15,210.96095042830189
2024-02-16,211.84517655436903
2024-02-19,215.18792865819853
2024-02-20,216.96949777132528
2024-02-21,212.14909487383582
2024-02-22,211.16995011103614
2024-02-23,213.04434916058383
2024-02-26,216.71331960768794
2024-02-27,216.5738989227587
2024-02-28,229.13919043415254
2024-02-29,234.37935343918744
2024-03-01,230.44535759063314
2024-03-04,231.09366223965998
2024-03-05,229.3986174428023
2024-03-06,240.9834106401849
2024-03-07,241.10444369343503
2024-03-08,245.446763412596
2024-03-11,239.6771462229897
2024-03-12,235.60478921898405
2024-03-13,240.80657583598654
2024-03-14,239.09810193605722
2024-03-15,242.90202322490256
2024-03-18,228.98671443856162
2024-03-19,230.2116393204385
2024-03-20,225.1541065869925
2024-03-21,223.2809791561176
2024-03-22,225.69511290436483
2024-03-25,236.03356538748204
2024-03-26,230.11537615667743
2024-03-27,224.98855608979983
2024-03-28,228.91600838137316
2024-03-29,223.33028172947712
2024-04-01,234.3383198601801
2024-04-02,227.85457207042538
2024-04-03,223.96722296315852
2024-04-04,227.06443718742892
2024-04-05,220.22646520345577
2024-04-08,211.53056812890696
2024-04-09,214.05917805102362
2024-04-10,212.16743055091305
2024-04-11,217.2835330786373
2024-04-12,223.55618786994563
2024-04-15,224.38686329512856
2024-04-16,226.54557142661372
2024-04-17,234.81487958033978
2024-04-18,225.71415542084057
2024-04-19,232.35295391389965
2024-04-22,240.81740548694165
2024-04-23,239.72635887533283
2024-04-24,238.99272473467713
2024-04-25,234.45020539145824
2024-04-26,233.80844903199704
2024-04-29,234.46654786925714
2024-04-30,233.1024897511842
2024-05-01,228.4064521178905
2024-05-02,225.45496877788938
2024-05-03,222.27667327804696
2024-05-06,222.31384483745603
2024-05-07,231.13656597824647
2024-05-08,228.70461103103804
2024-05-09,231.7649794083363
2024-05-10,230.67778529032083
2024-05-13,226.4051224271008
2024-05-14,229.6268553902627
2024-05-15,227.67339353194268
2024-05-16,240.6606829021986
2024-05-17,230.9144036111925
2024-05-20,231.54923229679832
2024-05-21,242.32798471594194
2024-05-22,234.14021532571132
2024-05-23,240.98637502807216
2024-05-24,236.97450688005378
2024-05-27,227.09391826818833
2024-05-28,234.01770338766562
2024-05-29,232.75776938423982
2024-05-30,239.0266046980023
2024-05-31,244.47971207394153
2024-06-03,241.77481704515574
2024-06-04,242.98145501967858
2024-06-05,247.7754468675959
2024-06-06,245.13783624610173
2024-06-07,247.6495109643513
2024-06-10,245.43138832900505
2024-06-11,234.54309890469474
2024-06-12,233.86264309292704
2024-06-13,228.1677218011415
2024-06-14,222.80918046442406
2024-06-17,224.90162094961616
2024-06-18,220.8392864997217
2024-06-19,216.05658520878467
2024-06-20,218.73107993405642
2024-06-21,213.68841360531113
2024-06-24,213.93450428537452
2024-06-25,209.96392579813755
2024-06-26,211.57396759347884
2024-06-27,213.7301930698878
2024-06-28,214.7635621146341
2024-07-01,202.37076684623958
2024-07-02,205.6417992786053
2024-07-03,207.21320202540187
2024-07-04,211.1977740011167
2024-07-05,208.03994588911237
2024-07-08,204.0437823336307
2024-07-09,203.99240583926843
2024-07-10,204.78461645678505
2024-07-11,205.48417740923747
2024-07-12,198.50553484495833
2024-07-15,194.5378541499825
2024-07-16,194.403717860579
2024-07-17,192.81224228561038
2024-07-18,184.39404208074916
2024-07-19,187.52087265066382
2024-07-22,188.94377280912175
2024-07-23,192.91726671790119
2024-07-24,195.81201271168615
2024-07-25,194.0477643328683
2024-07-26,197.25259273103867
2024-07-29,195.77511516495764
2024-07-30,193.91997479978156
2024-07-31,192.76892470928985
2024-08-01,196.6799908468703
2024-08-02,199.8350318049047
2024-08-05,193.4936592589586
2024-08-06,191.94031496082133
2024-08-07,197.8266957826329
2024-08-08,195.68244543441767
2024-08-09,190.58584029354978
2024-08-12,193.2649995823396
2024-08-13,192.61247128413976
2024-08-14,188.13288717136933
2024-08-15,180.7947081292244
2024-08-16,172.1254142681854
2024-08-19,179.97068769449712
2024-08-20,179.59173976842487
2024-08-21,183.06639693844295
2024-08-22,186.22472359291956
2024-08-23,187.716130060938
2024-08-26,188.9268531405954
2024-08-27,189.19135040371592
2024-08-28,191.85912513118737
2024-08-29,199.25821958123146
2024-08-30,195.51859348847952
2024-09-02,191.6876876186606
2024-09-03,193.53288444216813
2024-09-04,189.60039668946263
2024-09-05,184.3952000833015
2024-09-06,188.790045751467
2024-09-09,193.7438517946776
2024-09-10,191.93590895408698
2024-09-11,188.84897791231836
2024-09-12,190.2655895456613
2024-09-13,198.69420535023403
2024-09-16,199.00285266681655
2024-09-17,191.70925889191244
2024-09-18,192.6879766480519
2024-09-19,188.64726036608621
2024-09-20,188.69228078906687
2024-09-23,193.89573616379036
2024-09-24,197.34872198304052
2024-09-25,197.35151087799701
2024-09-26,199.20350687351385
2024-09-27,204.02827981546116
2024-09-30,204.15838245544876
2024-10-01,201.31881606656796
2024-10-02,204.6633459792255
2024-10-03,205.7366676360909
2024-10-04,203.2899845509248
2024-10-07,199.35533240505356
2024-10-08,198.05790732863895
2024-10-09,199.08567787119122
2024-10-10,202.9010939539194
2024-10-11,203.28158403283413
2024-10-14,205.25293184738527
2024-10-15,206.63350369267695
2024-10-16,204.7739438152983
2024-10-17,201.75254257109324
2024-10-18,204.7750076709253
2024-10-21,204.16691819843643
2024-10-22,205.82881309214594
2024-10-23,210.48635498761743
2024-10-24,212.39726169711497
2024-10-25,204.97304111200526
2024-10-28,201.39351871247635
2024-10-29,204.93279178041757
2024-10-30,204.11128399667876
2024-10-31,205.41078989389516
2024-11-01,208.59071132150174
2024-11-04,211.84306465041865
2024-11-05,208.57618046346033
2024-11-06,214.422202606592
2024-11-07,212.83350152267798
2024-11-08,204.7798123831492
2024-11-11,203.91548128224034
2024-11-12,209.90930924554686
2024-11-13,210.81725643456463
2024-11-14,212.78290119844746
2024-11-15,214.2730691107084
2024-11-18,217.9335578293535
2024-11-19,218.72664677001927
2024-11-20,220.20260082186778
2024-11-21,217.73644136041202
2024-11-22,215.73596392409664
2024-11-25,217.0578847882215
2024-11-26,220.29434488350833
2024-11-27,222.61307857319542
2024-11-28,221.18337918461827
2024-11-29,228.74493119604128
2024-12-02,228.78209326011114
2024-12-03,221.38546477256025
2024-12-04,224.73848874613853
2024-12-05,223.27759512632215
2024-12-06,215.8056282283659
2024-12-09,219.05218523078386
2024-12-10,217.9045275602173
2024-12-11,223.20843835696587
2024-12-12,232.1690392122177
2024-12-13,225.59497646521845
2024-12-16,233.70540482649255
2024-12-17,235.13176718055345
2024-12-18,236.18108719799318
2024-12-19,234.56829257167908
2024-12-20,233.86185076140566
2024-12-23,238.01291487230125
2024-12-24,239.01886653821398
2024-12-25,240.46863222285202
2024-12-26,239.7112255848101
2024-12-27,229.96517916914198
2024-12-30,237.8236313776257
2024-12-31,244.40577459603452
