Date,VLO
2020-01-01,219.53806261901994
2020-01-02,218.4034916495212
2020-01-03,214.45833851925323
2020-01-06,212.702618944196
2020-01-07,221.9025914594528
2020-01-08,217.1018245399342
2020-01-09,214.19993756973636
2020-01-10,213.308801456229
2020-01-13,216.68184751307697
2020-01-14,216.78404639485024
2020-01-15,218.5760595640994
2020-01-16,222.85929742202103
2020-01-17,228.79546384821978
2020-01-20,220.29387584152602
2020-01-21,225.46040041689696
2020-01-22,220.51056165473975
2020-01-23,218.15888744308398
2020-01-24,212.7513847407
2020-01-27,212.6366879471976
2020-01-28,214.91809888653447
2020-01-29,207.48016543122046
2020-01-30,206.18835104846684
2020-01-31,203.98598541639058
2020-02-03,198.33020121471395
2020-02-04,205.7479548442147
2020-02-05,200.33711890316982
2020-02-06,196.68945689465562
2020-02-07,200.52176319367433
2020-02-10,203.39950515034997
2020-02-11,209.5891231685994
2020-02-12,209.01627522751622
2020-02-13,210.29927560329955
2020-02-14,204.9344633097938
2020-02-17,211.31910842359974
2020-02-18,209.97003974171693
2020-02-19,216.97838720466672
2020-02-20,215.17300909249096
2020-02-21,219.76009701765483
2020-02-24,216.8253955783139
2020-02-25,217.9613330092322
2020-02-26,221.6381886000781
2020-02-27,221.2015389418248
2020-02-28,221.027945659235
2020-03-02,211.53523781430675
2020-03-03,205.27434660838665
2020-03-04,208.12535184383356
2020-03-05,208.00889941685105
2020-03-06,202.7639905410433
2020-03-09,207.18166255131257
2020-03-10,209.32575545120153
2020-03-11,212.27680336979603
2020-03-12,212.85504036322035
2020-03-13,217.3863391635752
2020-03-16,221.97123828367296
2020-03-17,217.1925525728729
2020-03-18,214.85305014003973
2020-03-19,215.74355170392732
2020-03-20,219.0075195943552
2020-03-23,224.7023260698895
2020-03-24,223.9683521223859
2020-03-25,222.37178014662223
2020-03-26,207.22706021381802
2020-03-27,207.29176933649066
2020-03-30,208.0336419388653
2020-03-31,211.63938127938323
2020-04-01,216.6139287818297
2020-04-02,216.7440383377751
2020-04-03,212.4278643851544
2020-04-06,217.83198195466147
2020-04-07,222.68442214427233
2020-04-08,225.26457598929883
2020-04-09,222.48232411363537
2020-04-10,227.26678752495405
2020-04-13,221.68884188827136
2020-04-14,215.7785890829455
2020-04-15,216.0092497903516
2020-04-16,209.30833434689066
2020-04-17,208.23596217352988
2020-04-20,210.13495742869736
2020-04-21,206.60174099958087
2020-04-22,206.72092270152896
2020-04-23,206.695024251224
2020-04-24,204.636622819916
2020-04-27,205.73669139397128
2020-04-28,205.29358923381264
2020-04-29,205.54893432999816
2020-04-30,203.05750800882868
2020-05-01,200.748718705246
2020-05-04,207.37298349667685
2020-05-05,212.19499444514287
2020-05-06,211.83565706749147
2020-05-07,213.63408016446758
2020-05-08,213.83222655822942
2020-05-11,206.92426544918334
2020-05-12,205.54937903353448
2020-05-13,201.02205218249426
2020-05-14,197.4893803609259
2020-05-15,202.26938643624314
2020-05-18,203.65679584616083
2020-05-19,207.007955430491
2020-05-20,209.09872600218858
2020-05-21,207.8542963000621
2020-05-22,203.95334764753628
2020-05-25,200.14492337159874
2020-05-26,206.21622822923962
2020-05-27,198.68795721971816
2020-05-28,197.9917467169109
2020-05-29,199.712844274525
2020-06-01,206.90740161830072
2020-06-02,207.3917337833236
2020-06-03,208.6644355954111
2020-06-04,206.55017282139465
2020-06-05,203.0748228771337
2020-06-08,202.56193665528033
2020-06-09,207.00875129747985
2020-06-10,198.06011836612538
2020-06-11,193.81362092721275
2020-06-12,195.55063239599252
2020-06-15,190.00581508101982
2020-06-16,186.41457616565145
2020-06-17,185.34900689082727
2020-06-18,189.60931194680123
2020-06-19,185.67974641019106
2020-06-22,181.9253721700668
2020-06-23,180.75417545741507
2020-06-24,181.1869584334748
2020-06-25,179.9875918784182
2020-06-26,178.7054094536273
2020-06-29,178.05448074000273
2020-06-30,181.40012603301028
2020-07-01,177.85524991637595
2020-07-02,174.5192103099136
2020-07-03,175.16203815410037
2020-07-06,176.01285117869506
2020-07-07,171.44162211703681
2020-07-08,171.50506506056144
2020-07-09,173.70326997027624
2020-07-10,172.8926304240225
2020-07-13,169.36664956968204
2020-07-14,168.51980883084838
2020-07-15,170.2134426581838
2020-07-16,164.9938596457225
2020-07-17,169.28059515980257
2020-07-20,170.03453351552392
2020-07-21,175.83626405053863
2020-07-22,166.1461282607723
2020-07-23,164.50494393973426
2020-07-24,163.38794041028638
2020-07-27,162.55533766761206
2020-07-28,158.62714011704873
2020-07-29,157.93125744442239
2020-07-30,154.94791748479324
2020-07-31,158.19837219146586
2020-08-03,160.56946408392932
2020-08-04,165.08333637118153
2020-08-05,164.39976169260612
2020-08-06,166.6257998681927
2020-08-07,171.60855859590043
2020-08-10,174.26086245064548
2020-08-11,164.94750928631342
2020-08-12,168.10221918272822
2020-08-13,171.69962627369117
2020-08-14,174.65719820855668
2020-08-17,176.15482498190335
2020-08-18,175.64596644984462
2020-08-19,182.85550433584862
2020-08-20,184.46242314097765
2020-08-21,178.45041330608262
2020-08-24,178.60908075096378
2020-08-25,177.9470566664302
2020-08-26,175.1731949759529
2020-08-27,173.16030207407806
2020-08-28,171.1702542481638
2020-08-31,171.5146975160684
2020-09-01,174.9012218631698
2020-09-02,175.62756485874138
2020-09-03,167.90383392709805
2020-09-04,170.43085230134884
2020-09-07,175.37337939875508
2020-09-08,181.97651134858367
2020-09-09,177.0218199774236
2020-09-10,179.15306918516444
2020-09-11,180.78082708735616
2020-09-14,179.845988670246
2020-09-15,179.0157432787682
2020-09-16,179.81994788383332
2020-09-17,179.07942051591732
2020-09-18,173.68619694021237
2020-09-21,176.06134168620318
2020-09-22,184.0392401852673
2020-09-23,186.3264023412131
2020-09-24,183.424220521286
2020-09-25,185.0852167302291
2020-09-28,187.94810207520362
2020-09-29,185.6530588972801
2020-09-30,183.29193224127312
2020-10-01,182.2136005054944
2020-10-02,181.34448148241773
2020-10-05,183.59927016414872
2020-10-06,184.29073594810248
2020-10-07,189.50086158709507
2020-10-08,189.81580448040387
2020-10-09,184.45274135528174
2020-10-12,185.77487064233657
2020-10-13,186.8400039504166
2020-10-14,177.20926091850976
2020-10-15,175.28584912382675
2020-10-16,175.509145583436
2020-10-19,179.28952115270883
2020-10-20,175.57389827643718
2020-10-21,179.2183326585178
2020-10-22,171.97536114745043
2020-10-23,171.52963946191255
2020-10-26,177.39365568127474
2020-10-27,178.1007496988325
2020-10-28,186.10003989376182
2020-10-29,183.58446254955976
2020-10-30,186.61590012750295
2020-11-02,187.0989775289408
2020-11-03,185.1217887467144
2020-11-04,188.46347153732324
2020-11-05,182.7149873299929
2020-11-06,191.02940495086276
2020-11-09,190.95671395736252
2020-11-10,193.54609796976698
2020-11-11,194.97957416586206
2020-11-12,188.5926442437645
2020-11-13,185.81637704787337
2020-11-16,190.5509422656032
2020-11-17,188.56778553524092
2020-11-18,192.14032208977056
2020-11-19,190.2720583663622
2020-11-20,195.96168254583125
2020-11-23,196.10726968739343
2020-11-24,192.86410288892307
2020-11-25,184.75833383227658
2020-11-26,183.16425923397748
2020-11-27,177.6296115064418
2020-11-30,172.514086614705
2020-12-01,176.91786352545944
2020-12-02,179.36385407711342
2020-12-03,180.75057295327144
2020-12-04,181.39913703260754
2020-12-07,178.96290341755088
2020-12-08,175.5554520745655
2020-12-09,176.47592525176304
2020-12-10,176.83570661849708
2020-12-11,180.13970989988405
2020-12-14,176.59198339580382
2020-12-15,172.9383735772613
2020-12-16,172.94391212455042
2020-12-17,172.4854795506029
2020-12-18,174.39851421368098
2020-12-21,181.1774050140735
2020-12-22,179.08009377693057
2020-12-23,176.58494245887988
2020-12-24,173.84343682002134
2020-12-25,176.61417973892964
2020-12-28,181.40999031842955
2020-12-29,178.46625023879878
2020-12-30,178.99780766028556
2020-12-31,186.90454756566666
2021-01-01,181.39780963600114
2021-01-04,182.96045768640948
2021-01-05,186.11414820980306
2021-01-06,190.0738848602583
2021-01-07,187.13972537767876
2021-01-08,186.983340611252
2021-01-11,185.16548302363137
2021-01-12,191.12195712247967
2021-01-13,187.59331182804942
2021-01-14,189.06309147986371
2021-01-15,194.27548397974576
2021-01-18,198.99290510111072
2021-01-19,199.98845075255443
2021-01-20,191.61822259360065
2021-01-21,186.82695300689716
2021-01-22,183.47175728299644
2021-01-25,177.56951958968824
2021-01-26,174.97831810875053
2021-01-27,174.16382648928544
2021-01-28,181.63362896577263
2021-01-29,176.63401091176084
2021-02-01,179.3019829248341
2021-02-02,177.11518189189928
2021-02-03,179.25022793242982
2021-02-04,182.00580171323676
2021-02-05,182.5953028600271
2021-02-08,180.67232475479196
2021-02-09,180.6926319241943
2021-02-10,181.45625367535305
2021-02-11,181.55783325086927
2021-02-12,182.7179824874489
2021-02-15,178.28525050325194
2021-02-16,178.74341454977494
2021-02-17,176.96297906032487
2021-02-18,173.47958122908983
2021-02-19,175.43996848377887
2021-02-22,173.9823192354039
2021-02-23,181.50858949743758
2021-02-24,171.617014120889
2021-02-25,172.6165060859638
2021-02-26,167.2524230516688
2021-03-01,171.00871137641877
2021-03-02,169.06842778013186
2021-03-03,169.7120294567388
2021-03-04,173.8041503743739
2021-03-05,175.76975178294313
2021-03-08,175.5868428424656
2021-03-09,177.1155393620511
2021-03-10,180.05474817191725
2021-03-11,177.78148119568388
2021-03-12,177.07367568851592
2021-03-15,183.6163792907178
2021-03-16,184.8401220942953
2021-03-17,186.47672381397027
2021-03-18,185.1626022329183
2021-03-19,183.03700737374035
2021-03-22,178.89049530110245
2021-03-23,182.16256943527944
2021-03-24,174.94404468976825
2021-03-25,172.04541567706556
2021-03-26,168.96358348557519
2021-03-29,167.37692663743883
2021-03-30,168.7823140650999
2021-03-31,169.47181470550169
2021-04-01,170.20444217172724
2021-04-02,169.98969825734432
2021-04-05,169.48501347874952
2021-04-06,170.5397289065449
2021-04-07,171.404698726588
2021-04-08,172.9204963519087
2021-04-09,177.13105235490966
2021-04-12,175.66793912312116
2021-04-13,170.94360070102337
2021-04-14,169.9402122750855
2021-04-15,170.04235989042212
2021-04-16,174.80704346484308
2021-04-19,178.61848326713846
2021-04-20,183.09445353905332
2021-04-21,191.36692684084883
2021-04-22,183.96974101051646
2021-04-23,184.8622252851353
2021-04-26,185.81484099351127
2021-04-27,191.40339820436836
2021-04-28,191.19692623377156
2021-04-29,190.72586163559765
2021-04-30,191.63741343528497
2021-05-03,188.7368893312514
2021-05-04,183.08970880659535
2021-05-05,184.0165182169333
2021-05-06,183.78908189892337
2021-05-07,178.66326169691123
2021-05-10,179.2025275025633
2021-05-11,179.52686689979362
2021-05-12,175.72577755477428
2021-05-13,176.96638585447133
2021-05-14,171.77902528274723
2021-05-17,174.73190433207048
2021-05-18,171.36781637829438
2021-05-19,168.90708497697534
2021-05-20,171.21911803537304
2021-05-21,170.52934171868984
2021-05-24,167.20028689245305
2021-05-25,166.6072406154963
2021-05-26,167.41657653382808
2021-05-27,166.6700708402584
2021-05-28,165.44707899051517
2021-05-31,162.46163654592303
2021-06-01,165.26082261132098
2021-06-02,159.71516552087948
2021-06-03,156.39868862781387
2021-06-04,157.4375385366407
2021-06-07,157.89554678655952
2021-06-08,163.9441602615307
2021-06-09,158.24477672647706
2021-06-10,159.7851028918977
2021-06-11,165.6931173050895
2021-06-14,164.66157787743248
2021-06-15,161.84662573638622
2021-06-16,159.7265016303444
2021-06-17,156.84673228971187
2021-06-18,152.60633901625536
2021-06-21,149.00663136897916
2021-06-22,146.6079841122595
2021-06-23,154.25672640866108
2021-06-24,152.1870515176635
2021-06-25,155.9403024257119
2021-06-28,156.02965547822527
2021-06-29,156.8912385544082
2021-06-30,161.30049428749055
2021-07-01,165.9964206650073
2021-07-02,168.06943715408278
2021-07-05,166.42391133677953
2021-07-06,167.76845392996418
2021-07-07,166.4746575971848
2021-07-08,164.15251794266067
2021-07-09,164.53193718416122
2021-07-12,162.85389592501662
2021-07-13,163.0953126659664
2021-07-14,163.07660171262972
2021-07-15,164.55891663508737
2021-07-16,169.91492816175264
2021-07-19,169.92634168482977
2021-07-20,169.27703734140093
2021-07-21,166.94975512848546
2021-07-22,168.2538840023555
2021-07-23,174.06230800993424
2021-07-26,166.6648226756856
2021-07-27,166.3055003393171
2021-07-28,163.4069299508325
2021-07-29,161.3457755708785
2021-07-30,159.20756816700634
2021-08-02,162.05450580263746
2021-08-03,160.6275811294837
2021-08-04,163.31395625097346
2021-08-05,162.78910999628445
2021-08-06,158.33488811343318
2021-08-09,159.11186314665062
2021-08-10,155.09930543615837
2021-08-11,154.7773679062629
2021-08-12,153.49133583907837
2021-08-13,152.6116285824438
2021-08-16,151.02377281213734
2021-08-17,154.95139888821834
2021-08-18,159.41228601398026
2021-08-19,162.7848799990111
2021-08-20,159.62317124854312
2021-08-23,160.07507148654093
2021-08-24,161.52969154870232
2021-08-25,164.3840069459025
2021-08-26,164.58047364032353
2021-08-27,164.8552189520343
2021-08-30,157.04648255103356
2021-08-31,149.93313139076812
2021-09-01,154.57383504140873
2021-09-02,154.64686972540105
2021-09-03,147.52281116259212
2021-09-06,148.13103503904287
2021-09-07,145.5736218384767
2021-09-08,140.07970120327641
2021-09-09,137.51597428284543
2021-09-10,129.31175352191403
2021-09-13,129.18207507633758
2021-09-14,134.1953487455762
2021-09-15,132.86455275517753
2021-09-16,130.90454787934354
2021-09-17,130.58447826747386
2021-09-20,127.70952907011907
2021-09-21,128.98657591783905
2021-09-22,130.5890539614856
2021-09-23,128.7466553483617
2021-09-24,127.85880387840339
2021-09-27,129.3086993060186
2021-09-28,126.42544222835475
2021-09-29,126.38629991489715
2021-09-30,127.48205264098041
2021-10-01,127.8801507807671
2021-10-04,127.85812540098433
2021-10-05,126.59946836450854
2021-10-06,125.11317724161005
2021-10-07,127.17065029172755
2021-10-08,124.82616737236437
2021-10-11,127.8719162043421
2021-10-12,128.88974897765948
2021-10-13,127.73938764199632
2021-10-14,127.52093154957676
2021-10-15,130.0714348226931
2021-10-18,131.65188780921264
2021-10-19,128.78652093366318
2021-10-20,127.88742557760395
2021-10-21,131.22227196426823
2021-10-22,137.38650559413696
2021-10-25,133.42551290529818
2021-10-26,136.52265654809196
2021-10-27,139.9385359099797
2021-10-28,141.3451673562463
2021-10-29,141.46180349279427
2021-11-01,143.02177585791813
2021-11-02,143.4108844797846
2021-11-03,145.82929071486424
2021-11-04,143.84993409999555
2021-11-05,147.04501779840353
2021-11-08,141.5415248402894
2021-11-09,137.92498557676916
2021-11-10,139.18905414182825
2021-11-11,137.3988519512569
2021-11-12,140.685989070834
2021-11-15,137.81123484052384
2021-11-16,138.2323623910609
2021-11-17,145.13343332119018
2021-11-18,148.31314879376447
2021-11-19,148.67317170373263
2021-11-22,141.07495847454132
2021-11-23,140.06052432350245
2021-11-24,142.94039692673186
2021-11-25,145.83898864774363
2021-11-26,142.39700172718906
2021-11-29,142.19309215990918
2021-11-30,142.5810028372558
2021-12-01,150.41157701304698
2021-12-02,156.40997524120584
2021-12-03,158.63917933249976
2021-12-06,150.77505902120973
2021-12-07,147.5283758105826
2021-12-08,150.57964961624353
2021-12-09,150.26808906264858
2021-12-10,150.32968585783988
2021-12-13,149.42653341638555
2021-12-14,148.77799712150082
2021-12-15,151.91412318138512
2021-12-16,153.74620385996414
2021-12-17,153.07672745680932
2021-12-20,156.9390994560145
2021-12-21,156.18920677114457
2021-12-22,153.36326758367878
2021-12-23,153.42254646500692
2021-12-24,160.10083782084234
2021-12-27,162.3614170683481
2021-12-28,163.8659377179231
2021-12-29,160.7662356257726
2021-12-30,162.8470673096416
2021-12-31,159.9789277864454
2022-01-03,161.04260001171392
2022-01-04,164.22172071100627
2022-01-05,167.13225110118097
2022-01-06,161.53297967424686
2022-01-07,161.25795573281576
2022-01-10,158.596787436449
2022-01-11,157.02564051974178
2022-01-12,147.38154915160428
2022-01-13,145.86443958396984
2022-01-14,140.09656557728024
2022-01-17,137.02032489442658
2022-01-18,135.87389374323587
2022-01-19,134.43309042506004
2022-01-20,134.71259415297692
2022-01-21,135.82233377619937
2022-01-24,133.61427699389816
2022-01-25,133.8198553434791
2022-01-26,139.96314520770966
2022-01-27,140.80666430264867
2022-01-28,139.47464531996334
2022-01-31,139.22339570716164
2022-02-01,138.36484115755013
2022-02-02,138.21833137123858
2022-02-03,134.4128425138003
2022-02-04,133.75781314983604
2022-02-07,133.3211965807382
2022-02-08,133.6636666871941
2022-02-09,138.96871652373233
2022-02-10,138.2578965854506
2022-02-11,145.32843113683583
2022-02-14,144.15331999157354
2022-02-15,143.57607693935228
2022-02-16,151.6648314888537
2022-02-17,149.07616918292013
2022-02-18,152.7053438096892
2022-02-21,153.55022530472186
2022-02-22,146.85029001492902
2022-02-23,145.18477938747952
2022-02-24,147.35608568826814
2022-02-25,151.5586916300471
2022-02-28,149.18263521354064
2022-03-01,146.33861643869486
2022-03-02,143.07703240514476
2022-03-03,140.86117445041648
2022-03-04,136.72001888596495
2022-03-07,133.18927404041895
2022-03-08,129.74786738808973
2022-03-09,129.4757307936828
2022-03-10,128.37741185696652
2022-03-11,130.82881734142822
2022-03-14,131.2307201161011
2022-03-15,131.3256534890904
2022-03-16,133.58864213160277
2022-03-17,134.77383857430797
2022-03-18,132.72740796134295
2022-03-21,130.9878307863117
2022-03-22,134.67009251388924
2022-03-23,135.44772517870365
2022-03-24,134.60329528593786
2022-03-25,136.5795426727778
2022-03-28,132.63695190889646
2022-03-29,132.7253679285932
2022-03-30,128.42568997065786
2022-03-31,123.33467482157776
2022-04-01,128.11029576430252
2022-04-04,129.917448095899
2022-04-05,132.7047771986064
2022-04-06,136.32048767854744
2022-04-07,131.52025554335685
2022-04-08,132.64836482209583
2022-04-11,136.31878421672891
2022-04-12,135.45379930634888
2022-04-13,135.80143798305835
2022-04-14,136.03576436767233
2022-04-15,139.28556385508782
2022-04-18,141.97749495669424
2022-04-19,135.88858709952447
2022-04-20,138.7667884960059
2022-04-21,138.88584628689327
2022-04-22,143.427428321899
2022-04-25,140.64463957512737
2022-04-26,134.78346485058967
2022-04-27,130.095729903783
2022-04-28,127.32608248710976
2022-04-29,120.90873094264732
2022-05-02,124.20707700442938
2022-05-03,124.40956886579289
2022-05-04,129.23632729534106
2022-05-05,123.90656277161165
2022-05-06,122.48852149245464
2022-05-09,123.44435910312136
2022-05-10,122.8386044227313
2022-05-11,123.29855502141193
2022-05-12,126.31039894258264
2022-05-13,127.21992008584353
2022-05-16,128.79278565677572
2022-05-17,132.09037040399065
2022-05-18,127.06569723041916
2022-05-19,128.55725192813324
2022-05-20,128.05140396211004
2022-05-23,128.56424793173485
2022-05-24,129.08802357412432
2022-05-25,129.08372144768165
2022-05-26,129.19854089784243
2022-05-27,127.41620574903862
2022-05-30,127.42991725990713
2022-05-31,129.46142761706108
2022-06-01,128.27963986378882
2022-06-02,128.54391765895548
2022-06-03,138.11947745448646
2022-06-06,134.02943730405534
2022-06-07,130.72278006961352
2022-06-08,129.71242518190192
2022-06-09,128.6962015470597
2022-06-10,128.24961174587074
2022-06-13,126.4742134845594
2022-06-14,129.50473673046235
2022-06-15,127.18035195962193
2022-06-16,126.15523063678943
2022-06-17,129.4283471118449
2022-06-20,128.04030407016631
2022-06-21,122.400056323384
2022-06-22,123.43347204596837
2022-06-23,122.78593703414754
2022-06-24,122.6545518151952
2022-06-27,121.28370659632593
2022-06-28,120.16467630301194
2022-06-29,121.19119317962189
2022-06-30,119.43829182386507
2022-07-01,119.11883582002608
2022-07-04,117.4571064340185
2022-07-05,113.44253035500388
2022-07-06,118.56713054217926
2022-07-07,119.00072966574082
2022-07-08,118.06705914690382
2022-07-11,113.77690447050685
2022-07-12,112.57924519333227
2022-07-13,116.24335170857552
2022-07-14,113.73832538881085
2022-07-15,115.72705413664399
2022-07-18,118.79382929409267
2022-07-19,116.74446145294658
2022-07-20,118.8688462677543
2022-07-21,120.29011433831762
2022-07-22,118.02314222337667
2022-07-25,114.88975923871429
2022-07-26,113.26796402035693
2022-07-27,111.95020909012496
2022-07-28,110.60602417453138
2022-07-29,112.19719959916107
2022-08-01,112.40647482239173
2022-08-02,111.05341368248966
2022-08-03,110.6528309216092
2022-08-04,112.90274597393162
2022-08-05,113.34016479301573
2022-08-08,113.65722464650334
2022-08-09,113.47059117039116
2022-08-10,113.74258876433466
2022-08-11,111.92599396605014
2022-08-12,110.35504357978682
2022-08-15,109.60984132707841
2022-08-16,109.29628062941472
2022-08-17,104.44332290841207
2022-08-18,105.71168340607029
2022-08-19,106.69207724978389
2022-08-22,107.40126359537615
2022-08-23,108.80550125319766
2022-08-24,109.18111948901364
2022-08-25,111.89072643520554
2022-08-26,114.43135892663634
2022-08-29,114.85638201224336
2022-08-30,114.33755963142112
2022-08-31,114.61237538931617
2022-09-01,113.99070661596703
2022-09-02,113.27498859921387
2022-09-05,111.01174278505087
2022-09-06,111.24609593896191
2022-09-07,113.44150469510205
2022-09-08,114.1145753288645
2022-09-09,114.46129158909187
2022-09-12,115.94923691651876
2022-09-13,114.9738470993324
2022-09-14,112.18808976692569
2022-09-15,113.3283485570812
2022-09-16,113.06664726721621
2022-09-19,110.69215991229699
2022-09-20,109.35459129712082
2022-09-21,109.27828270238949
2022-09-22,105.83444864438454
2022-09-23,103.84614273950149
2022-09-26,107.85804667963758
2022-09-27,107.7753067376765
2022-09-28,108.80785827708758
2022-09-29,111.76079069427117
2022-09-30,112.84403255149739
2022-10-03,115.54864201795523
2022-10-04,115.31264288967463
2022-10-05,117.12669388651194
2022-10-06,119.83162433197822
2022-10-07,118.63134014758786
2022-10-10,117.15100933671265
2022-10-11,116.21244885506493
2022-10-12,116.33492021543957
2022-10-13,115.12052233440035
2022-10-14,117.87952829940484
2022-10-17,113.55430421626143
2022-10-18,118.13177633605845
2022-10-19,117.5389853828047
2022-10-20,118.77305688159804
2022-10-21,121.96175223145002
2022-10-24,119.0866638295515
2022-10-25,118.20742623291412
2022-10-26,120.31144430182552
2022-10-27,118.08020113443499
2022-10-28,120.71157991915548
2022-10-31,125.9147483565235
2022-11-01,124.69148755427402
2022-11-02,126.82385243657194
2022-11-03,127.1724844343002
2022-11-04,125.75129073106983
2022-11-07,125.08132725800056
2022-11-08,126.12549551091938
2022-11-09,124.56385937406833
2022-11-10,126.41018753839626
2022-11-11,120.41783838217926
2022-11-14,123.74767377782153
2022-11-15,125.35148504509819
2022-11-16,124.62599429900153
2022-11-17,123.93706434577398
2022-11-18,125.25577983669625
2022-11-21,124.43476743581155
2022-11-22,126.1798757282539
2022-11-23,126.35812703273191
2022-11-24,126.5274085400484
2022-11-25,123.3388535316379
2022-11-28,122.66254462517601
2022-11-29,121.08570110897968
2022-11-30,121.31570555617613
2022-12-01,122.5418391350833
2022-12-02,124.48992038665025
2022-12-05,126.86235232739952
2022-12-06,125.3026675986305
2022-12-07,125.7599485666874
2022-12-08,126.56035594330173
2022-12-09,127.49677727138658
2022-12-12,129.87976230704885
2022-12-13,127.74201921989197
2022-12-14,131.30531143068504
2022-12-15,131.90120480117014
2022-12-16,131.21936125192087
2022-12-19,123.56354453032277
2022-12-20,125.18654093476903
2022-12-21,123.41192338708461
2022-12-22,125.79530471792874
2022-12-23,124.37290732405565
2022-12-26,123.52051678222072
2022-12-27,124.47323754476277
2022-12-28,123.34699246076379
2022-12-29,127.08677220192952
2022-12-30,125.58063366439434
2023-01-02,128.72873958441323
2023-01-03,129.03189869313903
2023-01-04,125.26139573366748
2023-01-05,125.96992331305066
2023-01-06,127.00599863968027
2023-01-09,121.8228666666924
2023-01-10,119.98683776849698
2023-01-11,117.7473241613618
2023-01-12,117.43816274585984
2023-01-13,117.16117267241125
2023-01-16,118.45766226709894
2023-01-17,120.83314758299964
2023-01-18,118.2344129665005
2023-01-19,119.24196452161956
2023-01-20,117.75113352395189
2023-01-23,116.98464724907095
2023-01-24,117.24804609329553
2023-01-25,118.1455607145327
2023-01-26,115.97067834785415
2023-01-27,117.5764551526572
2023-01-30,115.92225975604009
2023-01-31,112.84602944734436
2023-02-01,113.92267446118815
2023-02-02,114.27623204927488
2023-02-03,116.70614335241568
2023-02-06,113.10262777908737
2023-02-07,111.66486016357216
2023-02-08,114.02148979064265
2023-02-09,115.69668830403762
2023-02-10,111.75904615258125
2023-02-13,109.82491879872494
2023-02-14,109.23215881379231
2023-02-15,111.53470859712363
2023-02-16,111.84347759134565
2023-02-17,111.71225837945288
2023-02-20,110.05568812479265
2023-02-21,109.23364774041434
2023-02-22,111.00809182837806
2023-02-23,108.00559977564663
2023-02-24,112.70641886354743
2023-02-27,110.65980163039514
2023-02-28,113.7083316116527
2023-03-01,114.15971930009786
2023-03-02,116.90808389971326
2023-03-03,117.57892586227511
2023-03-06,110.61174983744647
2023-03-07,110.61900928710767
2023-03-08,108.41911061011292
2023-03-09,105.02566701530758
2023-03-10,106.9619927170106
2023-03-13,106.13509869035163
2023-03-14,109.0178306395417
2023-03-15,105.75038109192604
2023-03-16,104.27253561525896
2023-03-17,105.67797236887591
2023-03-20,105.11970216404471
2023-03-21,111.14498712848588
2023-03-22,108.67591134417462
2023-03-23,113.29460824535094
2023-03-24,117.24372251240382
2023-03-27,116.31723981062632
2023-03-28,112.60303497785742
2023-03-29,115.21352900284107
2023-03-30,109.86529319919507
2023-03-31,111.23054270912098
2023-04-03,111.16872198413861
2023-04-04,107.73220005037983
2023-04-05,105.52765483745644
2023-04-06,111.45457544157355
2023-04-07,110.24978882009209
2023-04-10,113.95159480146087
2023-04-11,114.78698476289836
2023-04-12,117.90070800274746
2023-04-13,119.3867845057794
2023-04-14,116.40486670507642
2023-04-17,122.88311909886262
2023-04-18,123.2928060400716
2023-04-19,123.45212888179223
2023-04-20,124.35330670529137
2023-04-21,121.71961151487784
2023-04-24,123.57926589566922
2023-04-25,126.80754245235246
2023-04-26,128.99642404792652
2023-04-27,128.56221309429216
2023-04-28,127.9300281236303
2023-05-01,125.19405613703807
2023-05-02,123.7495351165941
2023-05-03,123.10406677531591
2023-05-04,121.89904534634269
2023-05-05,116.66654665268918
2023-05-08,115.2010499090901
2023-05-09,115.44830980626051
2023-05-10,117.20594314072143
2023-05-11,116.42573519240456
2023-05-12,119.60363619352923
2023-05-15,118.1075734860441
2023-05-16,120.70469646376422
2023-05-17,121.71233619304842
2023-05-18,121.66442828289627
2023-05-19,121.73564238719648
2023-05-22,125.49322669457801
2023-05-23,129.73291576532014
2023-05-24,131.34823563884095
2023-05-25,129.66485928830758
2023-05-26,130.2245158237633
2023-05-29,130.32742086488096
2023-05-30,128.6284525998956
2023-05-31,128.40486753789065
2023-06-01,133.29740950495693
2023-06-02,134.31039949402384
2023-06-05,133.19448286420686
2023-06-06,133.13607186663612
2023-06-07,128.55189256006997
2023-06-08,124.99902723035709
2023-06-09,126.6261671693536
2023-06-12,130.3123635775289
2023-06-13,129.49632900700067
2023-06-14,126.40082977784223
2023-06-15,133.01400915933837
2023-06-16,132.7251699870724
2023-06-19,134.27985153797852
2023-06-20,135.86226438049798
2023-06-21,135.3322562431551
2023-06-22,131.8923317168509
2023-06-23,129.12748890562594
2023-06-26,127.99550910593165
2023-06-27,125.83594409780342
2023-06-28,127.78127278007128
2023-06-29,126.41903975717493
2023-06-30,120.18985275159511
2023-07-03,119.09513824126843
2023-07-04,117.53962802946648
2023-07-05,116.21085852308725
2023-07-06,115.59509204239922
2023-07-07,115.3580017838299
2023-07-10,120.92356349519612
2023-07-11,125.68328207185075
2023-07-12,122.977157717537
2023-07-13,122.56163557481933
2023-07-14,125.56906381246645
2023-07-17,121.71288090343648
2023-07-18,120.88521838192425
2023-07-19,121.44601349376751
2023-07-20,121.73485106848256
2023-07-21,122.18426940456789
2023-07-24,124.77927956804787
2023-07-25,120.05479607443381
2023-07-26,119.36288341868136
2023-07-27,118.51961348829323
2023-07-28,115.19415756892265
2023-07-31,109.29391030318233
2023-08-01,104.64426204051469
2023-08-02,104.12019568467842
2023-08-03,105.514097310319
2023-08-04,106.05280887037881
2023-08-07,102.85138820791693
2023-08-08,103.60056530037153
2023-08-09,103.71765170606292
2023-08-10,103.91343951922637
2023-08-11,104.26120903174237
2023-08-14,107.0479133771289
2023-08-15,107.78714111802061
2023-08-16,105.72431767099098
2023-08-17,105.57612471396683
2023-08-18,103.0252028999353
2023-08-21,105.57166900019519
2023-08-22,107.76490116132673
2023-08-23,105.24577501672191
2023-08-24,104.16152899830698
2023-08-25,103.48483428606285
2023-08-28,104.09255735816005
2023-08-29,104.73007311485536
2023-08-30,107.47555267833326
2023-08-31,109.66202906576669
2023-09-01,111.85095512090899
2023-09-04,111.14979292458888
2023-09-05,113.57706068504002
2023-09-06,111.46560549481539
2023-09-07,112.14613790852454
2023-09-08,112.51630688773933
2023-09-11,112.73519607328403
2023-09-12,111.80110701176179
2023-09-13,112.12759236811841
2023-09-14,112.49261733315986
2023-09-15,114.78774993366318
2023-09-18,112.56569631798297
2023-09-19,109.88969112770762
2023-09-20,111.01194600484084
2023-09-21,115.88615453316966
2023-09-22,115.3738285050133
2023-09-25,115.08832576888622
2023-09-26,113.72859937442568
2023-09-27,113.89786972288412
2023-09-28,114.35060424704139
2023-09-29,116.73680146534788
2023-10-02,115.70548060988095
2023-10-03,112.45503591050364
2023-10-04,112.37331191955982
2023-10-05,113.1975585397196
2023-10-06,113.38715735629208
2023-10-09,114.47719275516103
2023-10-10,121.86506309959863
2023-10-11,117.97410116566067
2023-10-12,118.62627284704118
2023-10-13,119.69870128631011
2023-10-16,120.1108389218739
2023-10-17,117.38337784311271
2023-10-18,119.22980788729298
2023-10-19,118.60347309082768
2023-10-20,119.95982166749171
2023-10-23,123.21202847150853
2023-10-24,125.60282443847447
2023-10-25,124.6699446883709
2023-10-26,127.6302597956001
2023-10-27,130.9998630829695
2023-10-30,138.21222449731422
2023-10-31,134.06305265729782
2023-11-01,138.8422592579235
2023-11-02,137.64065854530415
2023-11-03,141.39293934906715
2023-11-06,135.56326718448193
2023-11-07,136.56066450127574
2023-11-08,140.4166376749425
2023-11-09,144.7699380241961
2023-11-10,146.67619741790864
2023-11-13,144.7327261427948
2023-11-14,141.26893443080525
2023-11-15,139.75690336081692
2023-11-16,144.6182588810706
2023-11-17,142.93242818831084
2023-11-20,143.6204315582475
2023-11-21,143.23729346074956
2023-11-22,139.76342370514507
2023-11-23,136.74543119237097
2023-11-24,137.4078265239902
2023-11-27,136.46324410585967
2023-11-28,134.81069583338288
2023-11-29,133.1832187757512
2023-11-30,131.6907331309507
2023-12-01,130.13489840076969
2023-12-04,127.67210511698408
2023-12-05,129.6007887806902
2023-12-06,131.1675740103631
2023-12-07,132.77217442629942
2023-12-08,135.84925038505787
2023-12-11,138.53157144080626
2023-12-12,141.72362036058203
2023-12-13,144.01209581055667
2023-12-14,142.45673966914453
2023-12-15,137.1670019274127
2023-12-18,131.5429925888061
2023-12-19,128.967466361376
2023-12-20,127.29760558407753
2023-12-21,129.0292292691723
2023-12-22,132.20906020368798
2023-12-25,132.86303768590005
2023-12-26,132.1392758373227
2023-12-27,134.6321796464163
2023-12-28,132.65807765453863
2023-12-29,128.8350110874511
2024-01-01,126.92179101100496
2024-01-02,126.96293316167146
2024-01-03,123.90251456017718
2024-01-04,129.24879328322243
2024-01-05,129.12276933508497
2024-01-08,130.96125698369576
2024-01-09,124.96122136122551
2024-01-10,124.0918847612358
2024-01-11,123.3223634003035
2024-01-12,123.52539798006553
2024-01-15,124.63833184594286
2024-01-16,122.01105396538554
2024-01-17,130.4248896823624
2024-01-18,131.36664731137128
2024-01-19,127.04402888525217
2024-01-22,124.8991157323381
2024-01-23,128.96980394049342
2024-01-24,127.41227123221718
2024-01-25,130.30373703848397
2024-01-26,129.67140682583462
2024-01-29,130.74742445939495
2024-01-30,127.26396900300368
2024-01-31,125.74993744056414
2024-02-01,126.26667267681329
2024-02-02,123.70766194649076
2024-02-05,125.66025943249163
2024-02-06,121.1262584281978
2024-02-07,121.86472031562734
2024-02-08,118.5865472080255
2024-02-09,117.58498105622542
2024-02-12,116.80903928808782
2024-02-13,117.54692863031465
2024-02-14,116.64413198540525
2024-02-15,119.01371430902405
2024-02-16,116.00487744740843
2024-02-19,116.79256240755468
2024-02-20,118.61550094350011
2024-02-21,119.26607354703737
2024-02-22,114.30233417742394
2024-02-23,116.27344722863921
2024-02-26,112.45928272356076
2024-02-27,117.21467554433173
2024-02-28,113.37474965917343
2024-02-29,113.51159760217091
2024-03-01,115.57819623401167
2024-03-04,117.70354857313703
2024-03-05,118.70399633355812
2024-03-06,117.63538333901855
2024-03-07,115.52149162489629
2024-03-08,115.5661978482235
2024-03-11,117.47913315109137
2024-03-12,112.8543682360386
2024-03-13,113.36584799979667
2024-03-14,110.53297237490382
2024-03-15,109.929063923919
2024-03-18,111.60893253196728
2024-03-19,110.43969917733327
2024-03-20,111.80183777815223
2024-03-21,113.96142340560954
2024-03-22,116.92726668801683
2024-03-25,118.75053888286547
2024-03-26,122.2946999578704
2024-03-27,124.4746864821796
2024-03-28,126.43526157418914
2024-03-29,125.58113024296537
2024-04-01,123.42735307311327
2024-04-02,126.99321911625151
2024-04-03,124.9433313047923
2024-04-04,126.42948885074212
2024-04-05,132.6648399651197
2024-04-08,133.38081537450176
2024-04-09,138.01047423940648
2024-04-10,136.35977805898293
2024-04-11,135.7327005352212
2024-04-12,136.12536811183674
2024-04-15,137.60920027328325
2024-04-16,136.28006683949258
2024-04-17,137.135902375454
2024-04-18,135.81242877639264
2024-04-19,137.6500040431161
2024-04-22,143.13556936768947
2024-04-23,140.14683652320295
2024-04-24,135.85640555511958
2024-04-25,136.64340532746914
2024-04-26,137.2467808182087
2024-04-29,137.67699760141988
2024-04-30,140.07292833166176
2024-05-01,141.81474420014695
2024-05-02,147.73857193890694
2024-05-03,150.7066551039041
2024-05-06,151.70906291780665
2024-05-07,149.27034524562774
2024-05-08,153.7295026531477
2024-05-09,154.9535540826471
2024-05-10,151.12431350272712
2024-05-13,152.882939186521
2024-05-14,146.92144251717923
2024-05-15,150.66408476292955
2024-05-16,143.379805876494
2024-05-17,149.07608438239865
2024-05-20,151.90596856072008
2024-05-21,151.59280516978876
2024-05-22,148.18081623571626
2024-05-23,149.01565219556488
2024-05-24,151.85883671395212
2024-05-27,145.41718554217192
2024-05-28,143.1892863225727
2024-05-29,147.45528966433702
2024-05-30,147.28594435808736
2024-05-31,149.71225469612133
2024-06-03,148.3783123111893
2024-06-04,145.10446970170295
2024-06-05,144.2251642859953
2024-06-06,140.00825057610297
2024-06-07,132.25021761713407
2024-06-10,129.24312313513434
2024-06-11,132.53065612531
2024-06-12,134.2647370870931
2024-06-13,132.75303855547128
2024-06-14,126.22232796222137
2024-06-17,129.0176217199894
2024-06-18,132.73456513534774
2024-06-19,131.86873083792852
2024-06-20,129.3564874768391
2024-06-21,124.31822195301058
2024-06-24,120.27258083812518
2024-06-25,122.06320363591036
2024-06-26,123.31614067710224
2024-06-27,121.27870499488776
2024-06-28,124.0627688787781
2024-07-01,126.79580250528636
2024-07-02,129.85171153541754
2024-07-03,131.32195939095638
2024-07-04,133.43756342764598
2024-07-05,131.8581924159871
2024-07-08,136.35624498894398
2024-07-09,141.94928327665454
2024-07-10,142.90102794127503
2024-07-11,137.11207733803508
2024-07-12,130.38651824805532
2024-07-15,125.95577887085157
2024-07-16,128.16979013432112
2024-07-17,130.62602311910436
2024-07-18,131.07605660146183
2024-07-19,125.47153103204573
2024-07-22,127.19679519985455
2024-07-23,125.39638212033529
2024-07-24,124.55027800077207
2024-07-25,127.9535368980054
2024-07-26,129.4264847333553
2024-07-29,124.92876383757688
2024-07-30,126.66698272163502
2024-07-31,121.04509146945654
2024-08-01,122.94620921610314
2024-08-02,121.40808652451639
2024-08-05,119.00232984093665
2024-08-06,119.73045534604276
2024-08-07,121.16610722365056
2024-08-08,119.05077664422046
2024-08-09,116.09870820932488
2024-08-12,114.81486192119219
2024-08-13,110.43061092978138
2024-08-14,108.36998388070847
2024-08-15,105.4798840000045
2024-08-16,104.66205158863082
2024-08-19,107.26534515029543
2024-08-20,106.73310935254248
2024-08-21,102.6959082637636
2024-08-22,98.83935045413887
2024-08-23,98.35108790054962
2024-08-26,101.44199308263688
2024-08-27,100.19327805938336
2024-08-28,97.19412866790427
2024-08-29,99.95945700728247
2024-08-30,96.80178798584522
2024-09-02,99.2316422727686
2024-09-03,99.30548129793543
2024-09-04,97.62479923191407
2024-09-05,95.75139185122119
2024-09-06,95.22337445948439
2024-09-09,93.29326109164101
2024-09-10,97.91966552903033
2024-09-11,99.09107999469776
2024-09-12,98.865557502869
2024-09-13,98.55823489224264
2024-09-16,101.13671854614888
2024-09-17,98.57371394548763
2024-09-18,97.18602293346557
2024-09-19,96.21236431895674
2024-09-20,94.54977679943549
2024-09-23,95.26103942899485
2024-09-24,94.61976308479863
2024-09-25,94.08716930602488
2024-09-26,92.7416538739449
2024-09-27,92.05923053254362
2024-09-30,92.42433425142066
2024-10-01,94.00966955611655
2024-10-02,96.0551301141052
2024-10-03,92.36581505461686
2024-10-04,93.18280297031563
2024-10-07,90.45399241705036
2024-10-08,92.50168995965115
2024-10-09,93.32259950996948
2024-10-10,91.04541740237882
2024-10-11,93.87079384408574
2024-10-14,96.58302989988675
2024-10-15,97.45235503640389
2024-10-16,94.6061336116758
2024-10-17,92.3103386161219
2024-10-18,94.22263722137816
2024-10-21,93.1072967374834
2024-10-22,91.66819157812816
2024-10-23,88.8023112130506
2024-10-24,89.8952859014725
2024-10-25,89.68070573960135
2024-10-28,88.35441097097906
2024-10-29,84.23599668550175
2024-10-30,85.5233262045777
2024-10-31,87.97384251403024
2024-11-01,89.38520839438851
2024-11-04,86.33377432494389
2024-11-05,82.49861334322648
2024-11-06,81.8179198292702
2024-11-07,78.24779189297581
2024-11-08,78.83824663683613
2024-11-11,79.49968722144737
2024-11-12,78.24632113124576
2024-11-13,81.0664168471041
2024-11-14,79.55132623820374
2024-11-15,78.62374002930892
2024-11-18,79.79381636422777
2024-11-19,78.8910791141249
2024-11-20,78.89405726954043
2024-11-21,77.26506694215351
2024-11-22,78.66392093427677
2024-11-25,76.77472162584895
2024-11-26,78.30652975433594
2024-11-27,77.72763506488717
2024-11-28,78.07082834769062
2024-11-29,78.09764611852196
2024-12-02,77.25830479565816
2024-12-03,75.98958900164533
2024-12-04,77.76091624420638
2024-12-05,78.4294294881317
2024-12-06,76.35782179190855
2024-12-09,79.10485303906744
2024-12-10,78.81008546700173
2024-12-11,78.14687263788409
2024-12-12,78.17941135410379
2024-12-13,77.07040348917867
2024-12-16,78.14857351238852
2024-12-17,78.4581641107637
2024-12-18,79.56458431747342
2024-12-19,77.26652144081858
2024-12-20,76.00334478953364
2024-12-23,79.55982726178456
2024-12-24,81.79199080080053
2024-12-25,81.5510645328861
2024-12-26,84.26398304947784
2024-12-27,83.84365027408595
2024-12-30,86.51488867054624
2024-12-31,84.60181938442066
